observed_override_rate,model_accuracy,implied_engagement
0.3010000000000001,0.35,0.5612903225806454
0.3010000000000001,0.351,0.5621365496446266
0.3010000000000001,0.352,0.5629853321829166
0.3010000000000001,0.353,0.5638366817887235
0.3010000000000001,0.354,0.5646906101254869
0.3010000000000001,0.355,0.5655471289274108
0.3010000000000001,0.356,0.5664062500000002
0.3010000000000001,0.357,0.5672679852206045
0.3010000000000001,0.358,0.568132346538964
0.3010000000000001,0.359,0.5689993459777635
0.3010000000000001,0.36,0.569868995633188
0.3010000000000001,0.361,0.5707413076754868
0.3010000000000001,0.362,0.5716162943495403
0.3010000000000001,0.363,0.5724939679754334
0.3010000000000001,0.364,0.5733743409490336
0.3010000000000001,0.365,0.5742574257425745
0.3010000000000001,0.366,0.5751432349052448
0.3010000000000001,0.367,0.576031781063783
0.3010000000000001,0.368,0.5769230769230772
0.3010000000000001,0.369,0.5778171352667701
0.3010000000000001,0.37,0.5787139689578715
0.3010000000000001,0.371,0.5796135909393739
0.3010000000000001,0.372,0.5805160142348758
0.3010000000000001,0.373,0.5814212519492095
0.3010000000000001,0.374,0.5823293172690766
0.3010000000000001,0.375,0.5832402234636874
0.3010000000000001,0.376,0.5841539838854076
0.3010000000000001,0.377,0.5850706119704105
0.3010000000000001,0.378,0.5859901212393356
0.3010000000000001,0.379,0.5869125252979539
0.3010000000000001,0.38,0.587837837837838
0.3010000000000001,0.381,0.5887660726370406
0.3010000000000001,0.382,0.5896972435607775
0.3010000000000001,0.383,0.5906313645621184
0.3010000000000001,0.384,0.5915684496826839
0.3010000000000001,0.385,0.5925085130533487
0.3010000000000001,0.386,0.5934515688949525
0.3010000000000001,0.38699999999999996,0.5943976315190165
0.3010000000000001,0.38799999999999996,0.5953467153284674
0.3010000000000001,0.38899999999999996,0.596298834818369
0.3010000000000001,0.38999999999999996,0.5972540045766591
0.3010000000000001,0.39099999999999996,0.598212239284896
0.3010000000000001,0.39199999999999996,0.5991735537190084
0.3010000000000001,0.39299999999999996,0.6001379627500577
0.3010000000000001,0.39399999999999996,0.6011054813450024
0.3010000000000001,0.39499999999999996,0.6020761245674743
0.3010000000000001,0.39599999999999996,0.6030499075785584
0.3010000000000001,0.39699999999999996,0.6040268456375842
0.3010000000000001,0.39799999999999996,0.6050069541029209
0.3010000000000001,0.39899999999999997,0.605990248432784
0.3010000000000001,0.39999999999999997,0.6069767441860466
0.3010000000000001,0.40099999999999997,0.6079664570230611
0.3010000000000001,0.40199999999999997,0.6089594027064864
0.3010000000000001,0.40299999999999997,0.609955597102127
0.3010000000000001,0.40399999999999997,0.6109550561797754
0.3010000000000001,0.40499999999999997,0.6119577960140683
0.3010000000000001,0.40599999999999997,0.6129638327853454
0.3010000000000001,0.407,0.6139731827805226
0.3010000000000001,0.408,0.6149858623939681
0.3010000000000001,0.409,0.616001888128393
0.3010000000000001,0.41,0.6170212765957448
0.3010000000000001,0.411,0.6180440445181153
0.3010000000000001,0.412,0.6190702087286529
0.3010000000000001,0.413,0.6200997861724878
0.3010000000000001,0.414,0.6211327939076632
0.3010000000000001,0.415,0.622169249106079
0.3010000000000001,0.416,0.6232091690544415
0.3010000000000001,0.417,0.6242525711552264
0.3010000000000001,0.418,0.6252994729276475
0.3010000000000001,0.419,0.6263498920086396
0.3010000000000001,0.42,0.6274038461538463
0.3010000000000001,0.421,0.628461353238623
0.3010000000000001,0.422,0.6295224312590451
0.3010000000000001,0.423,0.6305870983329309
0.3010000000000001,0.424,0.6316553727008715
0.3010000000000001,0.425,0.632727272727273
0.3010000000000001,0.426,0.6338028169014086
0.3010000000000001,0.427,0.6348820238384825
0.3010000000000001,0.428,0.635964912280702
0.3010000000000001,0.429,0.637051501098365
0.3010000000000001,0.43,0.6381418092909537
0.3010000000000001,0.431,0.6392358559882443
0.3010000000000001,0.432,0.6403336604514231
0.3010000000000001,0.433,0.64143524207422
0.3010000000000001,0.434,0.6425406203840475
0.3010000000000001,0.435,0.643649815043157
0.3010000000000001,0.436,0.6447628458498026
0.3010000000000001,0.437,0.6458797327394213
0.3010000000000001,0.43799999999999994,0.6470004957858208
0.3010000000000001,0.43899999999999995,0.648125155202384
0.3010000000000001,0.43999999999999995,0.6492537313432838
0.3010000000000001,0.44099999999999995,0.65038624470471
0.3010000000000001,0.44199999999999995,0.651522715926111
0.3010000000000001,0.44299999999999995,0.652663165791448
0.3010000000000001,0.44399999999999995,0.6538076152304612
0.3010000000000001,0.44499999999999995,0.6549560853199501
0.3010000000000001,0.44599999999999995,0.6561085972850681
0.3010000000000001,0.44699999999999995,0.6572651725006298
0.3010000000000001,0.44799999999999995,0.6584258324924321
0.3010000000000001,0.44899999999999995,0.6595905989385902
0.3010000000000001,0.44999999999999996,0.6607594936708863
0.3010000000000001,0.45099999999999996,0.6619325386761351
0.3010000000000001,0.45199999999999996,0.6631097560975612
0.3010000000000001,0.45299999999999996,0.6642911682361927
0.3010000000000001,0.45399999999999996,0.6654767975522695
0.3010000000000001,0.45499999999999996,0.6666666666666669
0.3010000000000001,0.45599999999999996,0.6678607983623339
0.3010000000000001,0.45699999999999996,0.6690592155857475
0.3010000000000001,0.45799999999999996,0.6702619414483824
0.3010000000000001,0.45899999999999996,0.6714689992281967
0.3010000000000001,0.45999999999999996,0.6726804123711342
0.3010000000000001,0.46099999999999997,0.6738962044926416
0.3010000000000001,0.46199999999999997,0.6751163993792035
0.3010000000000001,0.46299999999999997,0.6763410209898939
0.3010000000000001,0.46399999999999997,0.6775700934579442
0.3010000000000001,0.46499999999999997,0.678803641092328
0.3010000000000001,0.46599999999999997,0.6800416883793645
0.3010000000000001,0.46699999999999997,0.6812842599843385
0.3010000000000001,0.46799999999999997,0.6825313807531384
0.3010000000000001,0.469,0.6837830757139118
0.3010000000000001,0.47,0.6850393700787404
0.3010000000000001,0.471,0.6863002892453328
0.3010000000000001,0.472,0.6875658587987358
0.3010000000000001,0.473,0.6888361045130644
0.3010000000000001,0.474,0.6901110523532525
0.3010000000000001,0.475,0.6913907284768214
0.3010000000000001,0.476,0.692675159235669
0.3010000000000001,0.477,0.6939643711778786
0.3010000000000001,0.478,0.6952583910495475
0.3010000000000001,0.479,0.6965572457966375
0.3010000000000001,0.48,0.6978609625668452
0.3010000000000001,0.481,0.6991695687114924
0.3010000000000001,0.482,0.7004830917874398
0.3010000000000001,0.483,0.7018015595590215
0.3010000000000001,0.484,0.7031250000000002
0.3010000000000001,0.485,0.7044534412955469
0.3010000000000001,0.486,0.7057869118442405
0.3010000000000001,0.487,0.7071254402600924
0.3010000000000001,0.488,0.7084690553745931
0.3010000000000001,0.489,0.709817786238782
0.3010000000000001,0.49,0.7111716621253409
0.3010000000000001,0.491,0.7125307125307128
0.3010000000000001,0.492,0.7138949671772431
0.3010000000000001,0.493,0.715264456015347
0.3010000000000001,0.494,0.7166392092257005
0.3010000000000001,0.495,0.7180192572214583
0.3010000000000001,0.496,0.7194046306504964
0.3010000000000001,0.497,0.7207953603976806
0.3010000000000001,0.498,0.7221914775871614
0.3010000000000001,0.499,0.7235930135846966
0.3010000000000001,0.5,0.7250000000000002
0.3010000000000001,0.501,0.726412468689118
0.3010000000000001,0.502,0.7278304517568324
0.3010000000000001,0.503,0.7292539815590949
0.3010000000000001,0.504,0.7306830907054874
0.3010000000000001,0.505,0.7321178120617114
0.3010000000000001,0.506,0.7335581787521083
0.3010000000000001,0.507,0.7350042241622081
0.3010000000000001,0.508,0.7364559819413096
0.3010000000000001,0.509,0.7379134860050894
0.3010000000000001,0.51,0.7393767705382439
0.3010000000000001,0.511,0.7408458699971617
0.3010000000000001,0.512,0.7423208191126283
0.3010000000000001,0.513,0.7438016528925624
0.3010000000000001,0.514,0.7452884066247861
0.3010000000000001,0.515,0.7467811158798286
0.3010000000000001,0.516,0.7482798165137619
0.3010000000000001,0.517,0.7497845446710719
0.3010000000000001,0.518,0.7512953367875651
0.3010000000000001,0.519,0.7528122295933085
0.3010000000000001,0.52,0.7543352601156073
0.3010000000000001,0.521,0.755864465682016
0.3010000000000001,0.522,0.7573998839233897
0.3010000000000001,0.523,0.7589415527769703
0.3010000000000001,0.524,0.7604895104895109
0.3010000000000001,0.525,0.7620437956204383
0.3010000000000001,0.526,0.7636044470450559
0.3010000000000001,0.5269999999999999,0.7651715039577839
0.3010000000000001,0.528,0.766745005875441
0.3010000000000001,0.5289999999999999,0.7683249926405654
0.3010000000000001,0.53,0.7699115044247791
0.3010000000000001,0.5309999999999999,0.7715045817321905
0.3010000000000001,0.532,0.7731042654028439
0.3010000000000001,0.5329999999999999,0.7747105966162068
0.3010000000000001,0.534,0.7763236168947059
0.3010000000000001,0.5349999999999999,0.7779433681073027
0.3010000000000001,0.536,0.7795698924731187
0.3010000000000001,0.5369999999999999,0.7812032325651005
0.3010000000000001,0.538,0.7828434313137377
0.3010000000000001,0.5389999999999999,0.7844905320108208
0.3010000000000001,0.54,0.7861445783132534
0.3010000000000001,0.5409999999999999,0.7878056142469063
0.3010000000000001,0.542,0.7894736842105267
0.3010000000000001,0.5429999999999999,0.791148832979691
0.3010000000000001,0.544,0.7928311057108145
0.3010000000000001,0.5449999999999999,0.7945205479452057
0.3010000000000001,0.546,0.7962172056131792
0.3010000000000001,0.5469999999999999,0.7979211250382149
0.3010000000000001,0.548,0.799632352941177
0.3010000000000001,0.5489999999999999,0.8013509364445811
0.3010000000000001,0.55,0.8030769230769235
0.3010000000000001,0.5509999999999999,0.8048103607770585
0.3010000000000001,0.552,0.8065512978986407
0.3010000000000001,0.5529999999999999,0.8082997832146177
0.3010000000000001,0.554,0.8100558659217881
0.3010000000000001,0.5549999999999999,0.8118195956454124
0.3010000000000001,0.556,0.8135910224438907
0.3010000000000001,0.5569999999999999,0.815370196813496
0.3010000000000001,0.558,0.8171571696931752
0.3010000000000001,0.5589999999999999,0.8189519924694072
0.3010000000000001,0.5599999999999999,0.8207547169811321
0.3010000000000001,0.5609999999999999,0.8225653955247402
0.3010000000000001,0.5619999999999999,0.8243840808591285
0.3010000000000001,0.563,0.8262108262108264
0.3010000000000001,0.564,0.828045685279188
0.3010000000000001,0.565,0.8298887122416536
0.3010000000000001,0.566,0.8317399617590825
0.3010000000000001,0.567,0.8335994889811564
0.3010000000000001,0.568,0.8354673495518568
0.3010000000000001,0.569,0.8373435996150147
0.3010000000000001,0.57,0.8392282958199361
0.3010000000000001,0.571,0.841121495327103
0.3010000000000001,0.572,0.8430232558139537
0.3010000000000001,0.573,0.8449336354807383
0.3010000000000001,0.574,0.8468526930564572
0.3010000000000001,0.575,0.8487804878048782
0.3010000000000001,0.576,0.850717079530639
0.3010000000000001,0.577,0.8526625285854299
0.3010000000000001,0.578,0.8546168958742636
0.3010000000000001,0.579,0.8565802428618317
0.3010000000000001,0.58,0.8585526315789475
0.3010000000000001,0.581,0.8605341246290803
0.3010000000000001,0.582,0.8625247851949772
0.3010000000000001,0.583,0.8645246770453795
0.3010000000000001,0.584,0.8665338645418329
0.3010000000000001,0.585,0.8685524126455909
0.3010000000000001,0.586,0.8705803869246168
0.3010000000000001,0.587,0.8726178535606823
0.3010000000000001,0.588,0.8746648793565686
0.3010000000000001,0.589,0.8767215317433662
0.3010000000000001,0.59,0.8787878787878792
0.3010000000000001,0.591,0.8808639892001352
0.3010000000000001,0.592,0.8829499323410015
0.3010000000000001,0.593,0.8850457782299087
0.3010000000000001,0.594,0.8871515975526856
0.3010000000000001,0.595,0.8892674616695062
0.3010000000000001,0.596,0.8913934426229511
0.3010000000000001,0.597,0.8935296131461832
0.3010000000000001,0.598,0.8956760466712427
0.3010000000000001,0.599,0.8978328173374617
0.3010000000000001,0.6,0.9000000000000001
0.3010000000000001,0.601,0.902177670238507
0.3010000000000001,0.602,0.9043659043659047
0.3010000000000001,0.603,0.9065647794373048
0.3010000000000001,0.604,0.9087743732590531
0.3010000000000001,0.605,0.910994764397906
0.3010000000000001,0.606,0.9132260321903434
0.3010000000000001,0.607,0.9154682567520172
0.3010000000000001,0.608,0.9177215189873421
0.3010000000000001,0.609,0.9199859005992249
0.3010000000000001,0.61,0.9222614840989405
0.3010000000000001,0.611,0.9245483528161533
0.3010000000000001,0.612,0.926846590909091
0.3010000000000001,0.613,0.9291562833748668
0.3010000000000001,0.614,0.9314775160599575
0.3010000000000001,0.615,0.9338103756708411
0.3010000000000001,0.616,0.9361549497847922
0.3010000000000001,0.617,0.9385113268608418
0.3010000000000001,0.618,0.9408795962509018
0.3010000000000001,0.619,0.9432598482110593
0.3010000000000001,0.62,0.9456521739130437
0.3010000000000001,0.621,0.9480566654558666
0.3010000000000001,0.622,0.9504734158776406
0.3010000000000001,0.623,0.9529025191675797
0.3010000000000001,0.624,0.9553440702781847
0.3010000000000001,0.625,0.9577981651376151
0.3010000000000001,0.626,0.9602649006622521
0.3010000000000001,0.627,0.9627443747694582
0.3010000000000001,0.628,0.9652366863905328
0.3010000000000001,0.629,0.9677419354838714
0.3010000000000001,0.63,0.9702602230483277
0.3010000000000001,0.631,0.9727916511367874
0.3010000000000001,0.632,0.9753363228699554
0.3010000000000001,0.633,0.9778943424503563
0.3010000000000001,0.634,0.9804658151765595
0.3010000000000001,0.635,0.9830508474576275
0.3010000000000001,0.636,0.9856495468277949
0.3010000000000001,0.637,0.9882620219613787
0.3010000000000001,0.638,0.9908883826879277
0.3010000000000001,0.639,0.9935287400076137
0.3010000000000001,0.6399999999999999,0.9961832061068704
0.3010000000000001,0.641,0.9988518943742828
0.20896521739130433,0.35,0.3633660589060308
0.20896521739130433,0.351,0.3639138862616936
0.20896521739130433,0.352,0.3644633679708894
0.20896521739130433,0.353,0.3650145115387866
0.20896521739130433,0.354,0.36556732451601964
0.20896521739130433,0.355,0.36612181449903425
0.20896521739130433,0.356,0.3666779891304347
0.20896521739130433,0.357,0.3672358560993356
0.20896521739130433,0.358,0.3677954231417159
0.20896521739130433,0.359,0.36835669804077675
0.20896521739130433,0.36,0.368919688627302
0.20896521739130433,0.361,0.36948440278002254
0.20896521739130433,0.362,0.370050848425984
0.20896521739130433,0.363,0.3706190335409176
0.20896521739130433,0.364,0.37118896614961405
0.20896521739130433,0.365,0.3717606543263021
0.20896521739130433,0.366,0.3723341061950293
0.20896521739130433,0.367,0.37290932993004705
0.20896521739130433,0.368,0.3734863337561988
0.20896521739130433,0.369,0.3740651259493122
0.20896521739130433,0.37,0.3746457148365949
0.20896521739130433,0.371,0.3752281087970338
0.20896521739130433,0.372,0.3758123162617979
0.20896521739130433,0.373,0.37639834571464537
0.20896521739130433,0.374,0.3769862056923345
0.20896521739130433,0.375,0.3775759047850376
0.20896521739130433,0.376,0.3781674516367599
0.20896521739130433,0.377,0.3787608549457618
0.20896521739130433,0.378,0.37935612346498493
0.20896521739130433,0.379,0.37995326600248325
0.20896521739130433,0.38,0.3805522914218566
0.20896521739130433,0.381,0.38115320864268964
0.20896521739130433,0.382,0.38175602664099484
0.20896521739130433,0.383,0.382360754449659
0.20896521739130433,0.384,0.38296740115889466
0.20896521739130433,0.385,0.3835759759166954
0.20896521739130433,0.386,0.38418648792929583
0.20896521739130433,0.38699999999999996,0.3847989464616359
0.20896521739130433,0.38799999999999996,0.3854133608378291
0.20896521739130433,0.38899999999999996,0.3860297404416365
0.20896521739130433,0.38999999999999996,0.38664809471694345
0.20896521739130433,0.39099999999999996,0.3872684331682428
0.20896521739130433,0.39199999999999996,0.38789076536112094
0.20896521739130433,0.39299999999999996,0.38851510092275077
0.20896521739130433,0.39399999999999996,0.38914144954238666
0.20896521739130433,0.39499999999999996,0.38976982097186696
0.20896521739130433,0.39599999999999996,0.390400225026119
0.20896521739130433,0.39699999999999996,0.3910326715836712
0.20896521739130433,0.39799999999999996,0.39166717058716805
0.20896521739130433,0.39899999999999997,0.3923037320438921
0.20896521739130433,0.39999999999999997,0.392942366026289
0.20896521739130433,0.40099999999999997,0.39358308267250014
0.20896521739130433,0.40199999999999997,0.3942258921868975
0.20896521739130433,0.40299999999999997,0.3948708048406271
0.20896521739130433,0.40399999999999997,0.39551783097215426
0.20896521739130433,0.40499999999999997,0.3961669809878179
0.20896521739130433,0.40599999999999997,0.3968182653623868
0.20896521739130433,0.407,0.3974716946396244
0.20896521739130433,0.408,0.39812727943285653
0.20896521739130433,0.409,0.39878503042554714
0.20896521739130433,0.41,0.39944495837187777
0.20896521739130433,0.411,0.4001070740973344
0.20896521739130433,0.412,0.4007713884992986
0.20896521739130433,0.413,0.40143791254764627
0.20896521739130433,0.414,0.40210665728535055
0.20896521739130433,0.415,0.40277763382909254
0.20896521739130433,0.416,0.40345085336987657
0.20896521739130433,0.417,0.40412632717365304
0.20896521739130433,0.418,0.4048040665819461
0.20896521739130433,0.419,0.40548408301248934
0.20896521739130433,0.42,0.4061663879598661
0.20896521739130433,0.421,0.4068509929961578
0.20896521739130433,0.422,0.40753790977159743
0.20896521739130433,0.423,0.4082271500152315
0.20896521739130433,0.424,0.4089187255355864
0.20896521739130433,0.425,0.40961264822134386
0.20896521739130433,0.426,0.4103089300420211
0.20896521739130433,0.427,0.41100758304866053
0.20896521739130433,0.428,0.4117086193745232
0.20896521739130433,0.429,0.41241205123579283
0.20896521739130433,0.43,0.41311789093228435
0.20896521739130433,0.431,0.41382615084816143
0.20896521739130433,0.432,0.4145368434526602
0.20896521739130433,0.433,0.41524998130082164
0.20896521739130433,0.434,0.41596557703423015
0.20896521739130433,0.435,0.4166836433817616
0.20896521739130433,0.436,0.4174041931603367
0.20896521739130433,0.437,0.41812723927568507
0.20896521739130433,0.43799999999999994,0.4188527947231143
0.20896521739130433,0.43899999999999995,0.41958087258828974
0.20896521739130433,0.43999999999999995,0.4203114860480206
0.20896521739130433,0.44099999999999995,0.4210446483710548
0.20896521739130433,0.44199999999999995,0.42178037291888243
0.20896521739130433,0.44299999999999995,0.42251867314654734
0.20896521739130433,0.44399999999999995,0.4232595626034677
0.20896521739130433,0.44499999999999995,0.42400305493426427
0.20896521739130433,0.44599999999999995,0.42474916387959855
0.20896521739130433,0.44699999999999995,0.42549790327701914
0.20896521739130433,0.44799999999999995,0.42624928706181714
0.20896521739130433,0.44899999999999995,0.42700332926789064
0.20896521739130433,0.44999999999999996,0.42776004402861845
0.20896521739130433,0.45099999999999996,0.4285194455777436
0.20896521739130433,0.45199999999999996,0.429281548250265
0.20896521739130433,0.45299999999999996,0.43004636648334005
0.20896521739130433,0.45399999999999996,0.43081391481719605
0.20896521739130433,0.45499999999999996,0.43158420789605184
0.20896521739130433,0.45599999999999996,0.4323572604690489
0.20896521739130433,0.45699999999999996,0.43313308739119283
0.20896521739130433,0.45799999999999996,0.43391170362430487
0.20896521739130433,0.45899999999999996,0.43469312423798373
0.20896521739130433,0.45999999999999996,0.43547736441057805
0.20896521739130433,0.46099999999999997,0.4362644394301686
0.20896521739130433,0.46199999999999997,0.4370543646955621
0.20896521739130433,0.46299999999999997,0.4378471557172954
0.20896521739130433,0.46399999999999997,0.43864282811865085
0.20896521739130433,0.46499999999999997,0.4394413976366822
0.20896521739130433,0.46599999999999997,0.4402428801232525
0.20896521739130433,0.46699999999999997,0.44104729154608274
0.20896521739130433,0.46799999999999997,0.44185464798981255
0.20896521739130433,0.469,0.44266496565707186
0.20896521739130433,0.47,0.4434782608695651
0.20896521739130433,0.471,0.4442945500691672
0.20896521739130433,0.472,0.44511384981903135
0.20896521739130433,0.473,0.4459361768047092
0.20896521739130433,0.474,0.4467615478352837
0.20896521739130433,0.475,0.4475899798445147
0.20896521739130433,0.476,0.4484214898919966
0.20896521739130433,0.477,0.4492560951643295
0.20896521739130433,0.478,0.45009381297630346
0.20896521739130433,0.479,0.45093466077209576
0.20896521739130433,0.48,0.4517786561264821
0.20896521739130433,0.481,0.4526258167460603
0.20896521739130433,0.482,0.4534761604704893
0.20896521739130433,0.483,0.45432970527374106
0.20896521739130433,0.484,0.4551864692653672
0.20896521739130433,0.485,0.45604647069177956
0.20896521739130433,0.486,0.4569097279375455
0.20896521739130433,0.487,0.4577762595266982
0.20896521739130433,0.488,0.45864608412406166
0.20896521739130433,0.489,0.4595192205365905
0.20896521739130433,0.49,0.4603956877147256
0.20896521739130433,0.491,0.46127550475376544
0.20896521739130433,0.492,0.46215869089525247
0.20896521739130433,0.493,0.46304526552837577
0.20896521739130433,0.494,0.4639352481913902
0.20896521739130433,0.495,0.4648286585730517
0.20896521739130433,0.496,0.46572551651406924
0.20896521739130433,0.497,0.46662584200857316
0.20896521739130433,0.498,0.46752965520560136
0.20896521739130433,0.499,0.4684369764106024
0.20896521739130433,0.5,0.4693478260869564
0.20896521739130433,0.501,0.47026222485751273
0.20896521739130433,0.502,0.471180193506147
0.20896521739130433,0.503,0.4721017529793358
0.20896521739130433,0.504,0.47302692438775
0.20896521739130433,0.505,0.4739557290078663
0.20896521739130433,0.506,0.4748881882835984
0.20896521739130433,0.507,0.4758243238279479
0.20896521739130433,0.508,0.4767641574246736
0.20896521739130433,0.509,0.47770771102998116
0.20896521739130433,0.51,0.47865500677423317
0.20896521739130433,0.511,0.4796060669636795
0.20896521739130433,0.512,0.4805609140822079
0.20896521739130433,0.513,0.4815195707931158
0.20896521739130433,0.514,0.48248205994090326
0.20896521739130433,0.515,0.48344840455308813
0.20896521739130433,0.516,0.4844186278420422
0.20896521739130433,0.517,0.4853927532068496
0.20896521739130433,0.518,0.486370804235188
0.20896521739130433,0.519,0.487352804705233
0.20896521739130433,0.52,0.48833877858758473
0.20896521739130433,0.521,0.4893287500472179
0.20896521739130433,0.522,0.4903227434454565
0.20896521739130433,0.523,0.4913207833419724
0.20896521739130433,0.524,0.49232289449680744
0.20896521739130433,0.525,0.4933291018724214
0.20896521739130433,0.526,0.4943394306357646
0.20896521739130433,0.5269999999999999,0.4953539061603761
0.20896521739130433,0.528,0.4963725540285086
0.20896521739130433,0.5289999999999999,0.4973954000332773
0.20896521739130433,0.53,0.4984224701808387
0.20896521739130433,0.5309999999999999,0.49945379069259316
0.20896521739130433,0.532,0.500489388007418
0.20896521739130433,0.5329999999999999,0.5015292887839249
0.20896521739130433,0.534,0.5025735199027493
0.20896521739130433,0.5349999999999999,0.5036221084688652
0.20896521739130433,0.536,0.5046750818139317
0.20896521739130433,0.5369999999999999,0.505732467498666
0.20896521739130433,0.538,0.5067942933152499
0.20896521739130433,0.5389999999999999,0.5078605872897635
0.20896521739130433,0.54,0.5089313776846516
0.20896521739130433,0.5409999999999999,0.5100066930012203
0.20896521739130433,0.542,0.5110865619821667
0.20896521739130433,0.5429999999999999,0.5121710136141384
0.20896521739130433,0.544,0.5132600771303291
0.20896521739130433,0.5449999999999999,0.5143537820131029
0.20896521739130433,0.546,0.5154521579966576
0.20896521739130433,0.5469999999999999,0.5165552350697166
0.20896521739130433,0.548,0.5176630434782609
0.20896521739130433,0.5489999999999999,0.5187756137282907
0.20896521739130433,0.55,0.5198929765886287
0.20896521739130433,0.5509999999999999,0.5210151630937535
0.20896521739130433,0.552,0.5221422045466759
0.20896521739130433,0.5529999999999999,0.5232741325218466
0.20896521739130433,0.554,0.5244109788681078
0.20896521739130433,0.5549999999999999,0.5255527757116775
0.20896521739130433,0.556,0.5266995554591781
0.20896521739130433,0.5569999999999999,0.5278513508007007
0.20896521739130433,0.558,0.5290081947129128
0.20896521739130433,0.5589999999999999,0.5301701204622037
0.20896521739130433,0.5599999999999999,0.531337161607875
0.20896521739130433,0.5609999999999999,0.5325093520053712
0.20896521739130433,0.5619999999999999,0.5336867258095525
0.20896521739130433,0.563,0.5348693174780129
0.20896521739130433,0.564,0.5360571617744425
0.20896521739130433,0.565,0.5372502937720327
0.20896521739130433,0.566,0.538448748856929
0.20896521739130433,0.567,0.5396525627317288
0.20896521739130433,0.568,0.5408617714190278
0.20896521739130433,0.569,0.5420764112650122
0.20896521739130433,0.57,0.5432965189431007
0.20896521739130433,0.571,0.5445221314576355
0.20896521739130433,0.572,0.5457532861476236
0.20896521739130433,0.573,0.5469900206905286
0.20896521739130433,0.574,0.548232373106114
0.20896521739130433,0.575,0.5494803817603392
0.20896521739130433,0.576,0.5507340853693099
0.20896521739130433,0.577,0.551993523003281
0.20896521739130433,0.578,0.5532587340907149
0.20896521739130433,0.579,0.5545297584223968
0.20896521739130433,0.58,0.5558066361556061
0.20896521739130433,0.581,0.5570894078183458
0.20896521739130433,0.582,0.5583781143136296
0.20896521739130433,0.583,0.5596727969238301
0.20896521739130433,0.584,0.5609734973150873
0.20896521739130433,0.585,0.562280257541778
0.20896521739130433,0.586,0.5635931200510484
0.20896521739130433,0.587,0.56491212768741
0.20896521739130433,0.588,0.5662373236974004
0.20896521739130433,0.589,0.5675687517343108
0.20896521739130433,0.59,0.5689064558629775
0.20896521739130433,0.591,0.5702504805646449
0.20896521739130433,0.592,0.5716008707418954
0.20896521739130433,0.593,0.5729576717236496
0.20896521739130433,0.594,0.574320929270239
0.20896521739130433,0.595,0.5756906895785496
0.20896521739130433,0.596,0.5770669992872414
0.20896521739130433,0.597,0.5784499054820414
0.20896521739130433,0.598,0.579839455701113
0.20896521739130433,0.599,0.5812356979405033
0.20896521739130433,0.6,0.58263868065967
0.20896521739130433,0.601,0.5840484527870871
0.20896521739130433,0.602,0.5854650637259332
0.20896521739130433,0.603,0.5868885633598621
0.20896521739130433,0.604,0.5883190020588589
0.20896521739130433,0.605,0.5897564306851808
0.20896521739130433,0.606,0.5912009005993853
0.20896521739130433,0.607,0.592652463666448
0.20896521739130433,0.608,0.5941111722619701
0.20896521739130433,0.609,0.5955770792784784
0.20896521739130433,0.61,0.5970502381318175
0.20896521739130433,0.611,0.5985307027676383
0.20896521739130433,0.612,0.6000185276679839
0.20896521739130433,0.613,0.6015137678579718
0.20896521739130433,0.614,0.6030164789125779
0.20896521739130433,0.615,0.6045267169635217
0.20896521739130433,0.616,0.6060445387062564
0.20896521739130433,0.617,0.6075700014070633
0.20896521739130433,0.618,0.6091031629102536
0.20896521739130433,0.619,0.61064408164548
0.20896521739130433,0.62,0.6121928166351605
0.20896521739130433,0.621,0.6137494275020134
0.20896521739130433,0.622,0.6153139744767091
0.20896521739130433,0.623,0.6168865184056382
0.20896521739130433,0.624,0.6184671207588005
0.20896521739130433,0.625,0.620055843637814
0.20896521739130433,0.626,0.6216527497840483
0.20896521739130433,0.627,0.6232579025868843
0.20896521739130433,0.628,0.6248713660921017
0.20896521739130433,0.629,0.626493205010398
0.20896521739130433,0.63,0.6281234847260385
0.20896521739130433,0.631,0.6297622713056441
0.20896521739130433,0.632,0.6314096315071162
0.20896521739130433,0.633,0.633065632788701
0.20896521739130433,0.634,0.6347303433181981
0.20896521739130433,0.635,0.6364038319823138
0.20896521739130433,0.636,0.6380861683961643
0.20896521739130433,0.637,0.6397774229129282
0.20896521739130433,0.638,0.6414776666336536
0.20896521739130433,0.639,0.6431869714172225
0.20896521739130433,0.6399999999999999,0.6449054098904744
0.20896521739130433,0.641,0.6466330554584934
0.20896521739130433,0.6419999999999999,0.6483699823150585
0.20896521739130433,0.643,0.6501162654532678
0.20896521739130433,0.6439999999999999,0.6518719806763281
0.20896521739130433,0.645,0.6536372046085274
0.20896521739130433,0.6459999999999999,0.6554120147063781
0.20896521739130433,0.647,0.6571964892699507
0.20896521739130433,0.6479999999999999,0.6589907074543848
0.20896521739130433,0.649,0.660794749281597
0.20896521739130433,0.6499999999999999,0.6626086956521736
0.20896521739130433,0.651,0.6644326283574687
0.20896521739130433,0.6519999999999999,0.6662666300918938
0.20896521739130433,0.653,0.6681107844654184
0.20896521739130433,0.6539999999999999,0.6699651760162738
0.20896521739130433,0.655,0.6718298902238741
0.20896521739130433,0.6559999999999999,0.6737050135219469
0.20896521739130433,0.657,0.6755906333118926
0.20896521739130433,0.6579999999999999,0.6774868379763604
0.20896521739130433,0.659,0.6793937168930614
0.20896521739130433,0.6599999999999999,0.6813113604488077
0.20896521739130433,0.661,0.6832398600537983
0.20896521739130433,0.6619999999999999,0.6851793081561406
0.20896521739130433,0.663,0.687129798256626
0.20896521739130433,0.6639999999999999,0.6890914249237532
0.20896521739130433,0.665,0.6910642838090157
0.20896521739130433,0.6659999999999999,0.6930484716624459
0.20896521739130433,0.667,0.6950440863484342
0.20896521739130433,0.6679999999999999,0.6970512268618164
0.20896521739130433,0.669,0.6990699933442465
0.20896521739130433,0.6699999999999999,0.7011004871008477
0.20896521739130433,0.671,0.7031428106171632
0.20896521739130433,0.6719999999999999,0.7051970675763951
0.20896521739130433,0.673,0.7072633628769541
0.20896521739130433,0.6739999999999999,0.7093418026503119
0.20896521739130433,0.675,0.7114324942791762
0.20896521739130433,0.6759999999999999,0.7135355464159809
0.20896521739130433,0.677,0.7156510690017127
0.20896521739130433,0.6779999999999999,0.717779173285065
0.20896521739130433,0.679,0.7199199718419445
0.20896521739130433,0.6799999999999999,0.7220735785953176
0.20896521739130433,0.681,0.7242401088354237
0.20896521739130433,0.6819999999999999,0.7264196792403451
0.20896521739130433,0.683,0.728612407896957
0.20896521739130433,0.6839999999999999,0.7308184143222504
0.20896521739130433,0.685,0.7330378194850514
0.20896521739130433,0.6859999999999999,0.7352707458281301
0.20896521739130433,0.687,0.7375173172907218
0.20896521739130433,0.688,0.7397776593314549
0.20896521739130433,0.6890000000000001,0.7420518989517101
0.20896521739130433,0.69,0.7443401647194022
0.20896521739130433,0.6910000000000001,0.746642586793214
0.20896521739130433,0.692,0.7489592969472708
0.20896521739130433,0.6930000000000001,0.7512904285962844
0.20896521739130433,0.694,0.7536361168211609
0.20896521739130433,0.6950000000000001,0.7559964983950979
0.20896521739130433,0.696,0.7583717118101629
0.20896521739130433,0.6970000000000001,0.760761897304387
0.20896521739130433,0.698,0.7631671968893601
0.20896521739130433,0.6990000000000001,0.7655877543783615
0.20896521739130433,0.7,0.7680237154150197
0.20896521739130433,0.7010000000000001,0.7704752275025278
0.20896521739130433,0.702,0.772942440033414
0.20896521739130433,0.703,0.7754255043198913
0.20896521739130433,0.704,0.7779245736247896
0.20896521739130433,0.705,0.7804398031930916
0.20896521739130433,0.706,0.7829713502840793
0.20896521739130433,0.707,0.7855193742041111
0.20896521739130433,0.708,0.7880840363400388
0.20896521739130433,0.709,0.7906655001932817
0.20896521739130433,0.71,0.7932639314145743
0.20896521739130433,0.711,0.7958794978393985
0.20896521739130433,0.712,0.7985123695241224
0.20896521739130433,0.713,0.8011627187828559
0.20896521739130433,0.714,0.8038307202250442
0.20896521739130433,0.715,0.8065165507938153
0.20896521739130433,0.716,0.8092203898050973
0.20896521739130433,0.717,0.8119424189875267
0.20896521739130433,0.718,0.8146828225231645
0.20896521739130433,0.719,0.8174417870890387
0.20896521739130433,0.72,0.8202195018995355
0.20896521739130433,0.721,0.8230161587496557
0.20896521739130433,0.722,0.8258319520591609
0.20896521739130433,0.723,0.8286670789176279
0.20896521739130433,0.724,0.8315217391304346
0.20896521739130433,0.725,0.8343961352657003
0.20896521739130433,0.726,0.8372904727022018
0.20896521739130433,0.727,0.840204959678291
0.20896521739130433,0.728,0.8431398073418379
0.20896521739130433,0.729,0.8460952298012234
0.20896521739130433,0.73,0.8490714441774087
0.20896521739130433,0.731,0.852068670657107
0.20896521739130433,0.732,0.8550871325470867
0.20896521739130433,0.733,0.8581270563296309
0.20896521739130433,0.734,0.8611886717191861
0.20896521739130433,0.735,0.8642722117202267
0.20896521739130433,0.736,0.8673779126863671
0.20896521739130433,0.737,0.8705060143807539
0.20896521739130433,0.738,0.873656760037768
0.20896521739130433,0.739,0.8768303964260733
0.20896521739130433,0.74,0.8800271739130433
0.20896521739130433,0.741,0.8832473465306029
0.20896521739130433,0.742,0.8864911720425201
0.20896521739130433,0.743,0.8897589120131877
0.20896521739130433,0.744,0.8930508318779298
0.20896521739130433,0.745,0.896367201014877
0.20896521739130433,0.746,0.8997082928184469
0.20896521739130433,0.747,0.9030743847744753
0.20896521739130433,0.748,0.9064657585370405
0.20896521739130433,0.749,0.9098827000070238
0.20896521739130433,0.75,0.9133254994124558
0.20896521739130433,0.751,0.9167944513906909
0.20896521739130433,0.752,0.9202898550724637
0.20896521739130433,0.753,0.9238120141678751
0.20896521739130433,0.754,0.9273612370543596
0.20896521739130433,0.755,0.9309378368666905
0.20896521739130433,0.756,0.9345421315890726
0.20896521739130433,0.757,0.9381744441493856
0.20896521739130433,0.758,0.9418351025156319
0.20896521739130433,0.759,0.9455244397946521
0.20896521739130433,0.76,0.9492427943331704
0.20896521739130433,0.761,0.9529905098212315
0.20896521739130433,0.762,0.9567679353980993
0.20896521739130433,0.763,0.9605754257606842
0.20896521739130433,0.764,0.9644133412745681
0.20896521739130433,0.765,0.9682820480877039
0.20896521739130433,0.766,0.9721819182468604
0.20896521739130433,0.7669999999999999,0.9761133298168935
0.20896521739130433,0.768,0.9800766670029255
0.20896521739130433,0.7689999999999999,0.9840723202755054
0.20896521739130433,0.77,0.9881006864988557
0.20896521739130433,0.7709999999999999,0.9921621690622682
0.20896521739130433,0.772,0.9962571780147662
0.12460000000000002,0.35,0.18193548387096775
0.12460000000000002,0.351,0.182209778160672
0.12460000000000002,0.352,0.18248490077653154
0.12460000000000002,0.353,0.1827608554763448
0.12460000000000002,0.354,0.18303764604067502
0.12460000000000002,0.355,0.18331527627302274
0.12460000000000002,0.356,0.18359375
0.12460000000000002,0.357,0.18387307107150622
0.12460000000000002,0.358,0.18415324336090552
0.12460000000000002,0.359,0.18443427076520602
0.12460000000000002,0.36,0.18471615720524018
0.12460000000000002,0.361,0.18499890662584736
0.12460000000000002,0.362,0.18528252299605782
0.12460000000000002,0.363,0.18556701030927836
0.12460000000000002,0.364,0.1858523725834798
0.12460000000000002,0.365,0.18613861386138614
0.12460000000000002,0.366,0.1864257382106655
0.12460000000000002,0.367,0.18671374972412272
0.12460000000000002,0.368,0.18700265251989392
0.12460000000000002,0.369,0.1872924507416427
0.12460000000000002,0.37,0.1875831485587583
0.12460000000000002,0.371,0.18787475016655564
0.12460000000000002,0.372,0.1881672597864769
0.12460000000000002,0.373,0.1884606816662954
0.12460000000000002,0.374,0.18875502008032127
0.12460000000000002,0.375,0.18905027932960897
0.12460000000000002,0.376,0.18934646374216654
0.12460000000000002,0.377,0.18964357767316747
0.12460000000000002,0.378,0.18994162550516389
0.12460000000000002,0.379,0.19024061164830222
0.12460000000000002,0.38,0.19054054054054056
0.12460000000000002,0.381,0.19084141664786827
0.12460000000000002,0.382,0.1911432444645278
0.12460000000000002,0.383,0.1914460285132383
0.12460000000000002,0.384,0.1917497733454216
0.12460000000000002,0.385,0.1920544835414302
0.12460000000000002,0.386,0.19236016371077763
0.12460000000000002,0.38699999999999996,0.19266681849237077
0.12460000000000002,0.38799999999999996,0.19297445255474452
0.12460000000000002,0.38899999999999996,0.19328307059629884
0.12460000000000002,0.38999999999999996,0.19359267734553773
0.12460000000000002,0.39099999999999996,0.19390327756131104
0.12460000000000002,0.39199999999999996,0.19421487603305781
0.12460000000000002,0.39299999999999996,0.19452747758105313
0.12460000000000002,0.39399999999999996,0.1948410870566559
0.12460000000000002,0.39499999999999996,0.19515570934256057
0.12460000000000002,0.39599999999999996,0.19547134935304988
0.12460000000000002,0.39699999999999996,0.19578801203425136
0.12460000000000002,0.39799999999999996,0.19610570236439498
0.12460000000000002,0.39899999999999997,0.19642442535407478
0.12460000000000002,0.39999999999999997,0.1967441860465116
0.12460000000000002,0.40099999999999997,0.19706498951781973
0.12460000000000002,0.40199999999999997,0.19738684087727482
0.12460000000000002,0.40299999999999997,0.1977097452675859
0.12460000000000002,0.40399999999999997,0.19803370786516852
0.12460000000000002,0.40499999999999997,0.19835873388042208
0.12460000000000002,0.40599999999999997,0.19868482855800845
0.12460000000000002,0.407,0.19901199717713483
0.12460000000000002,0.408,0.1993402450518379
0.12460000000000002,0.409,0.19966957753127212
0.12460000000000002,0.41,0.19999999999999998
0.12460000000000002,0.411,0.2003315178782856
0.12460000000000002,0.412,0.20066413662239088
0.12460000000000002,0.413,0.2009978617248753
0.12460000000000002,0.414,0.20133269871489765
0.12460000000000002,0.415,0.2016686531585221
0.12460000000000002,0.416,0.20200573065902577
0.12460000000000002,0.417,0.20234393685721122
0.12460000000000002,0.418,0.20268327743172018
0.12460000000000002,0.419,0.20302375809935205
0.12460000000000002,0.42,0.2033653846153846
0.12460000000000002,0.421,0.20370816277389842
0.12460000000000002,0.422,0.20405209840810418
0.12460000000000002,0.423,0.2043971973906741
0.12460000000000002,0.424,0.2047434656340755
0.12460000000000002,0.425,0.20509090909090913
0.12460000000000002,0.426,0.20543953375424964
0.12460000000000002,0.427,0.20578934565799079
0.12460000000000002,0.428,0.20614035087719298
0.12460000000000002,0.429,0.20649255552843546
0.12460000000000002,0.43,0.20684596577017111
0.12460000000000002,0.431,0.20720058780308598
0.12460000000000002,0.432,0.20755642787046122
0.12460000000000002,0.433,0.20791349225854022
0.12460000000000002,0.434,0.20827178729689808
0.12460000000000002,0.435,0.20863131935881632
0.12460000000000002,0.436,0.20899209486166007
0.12460000000000002,0.437,0.20935412026726063
0.12460000000000002,0.43799999999999994,0.20971740208230044
0.12460000000000002,0.43899999999999995,0.2100819468587037
0.12460000000000002,0.43999999999999995,0.21044776119402983
0.12460000000000002,0.44099999999999995,0.21081485173187142
0.12460000000000002,0.44199999999999995,0.2111832251622566
0.12460000000000002,0.44299999999999995,0.21155288822205548
0.12460000000000002,0.44399999999999995,0.21192384769539077
0.12460000000000002,0.44499999999999995,0.21229611041405272
0.12460000000000002,0.44599999999999995,0.21266968325791855
0.12460000000000002,0.44699999999999995,0.21304457315537648
0.12460000000000002,0.44799999999999995,0.21342078708375378
0.12460000000000002,0.44899999999999995,0.21379833206974982
0.12460000000000002,0.44999999999999996,0.2141772151898734
0.12460000000000002,0.45099999999999996,0.21455744357088508
0.12460000000000002,0.45199999999999996,0.2149390243902439
0.12460000000000002,0.45299999999999996,0.21532196487655894
0.12460000000000002,0.45399999999999996,0.21570627231004588
0.12460000000000002,0.45499999999999996,0.21609195402298847
0.12460000000000002,0.45599999999999996,0.2164790174002047
0.12460000000000002,0.45699999999999996,0.2168674698795181
0.12460000000000002,0.45799999999999996,0.2172573189522342
0.12460000000000002,0.45899999999999996,0.2176485721636223
0.12460000000000002,0.45999999999999996,0.21804123711340204
0.12460000000000002,0.46099999999999997,0.21843532145623548
0.12460000000000002,0.46199999999999997,0.21883083290222452
0.12460000000000002,0.46299999999999997,0.21922777921741382
0.12460000000000002,0.46399999999999997,0.21962616822429906
0.12460000000000002,0.46499999999999997,0.22002600780234072
0.12460000000000002,0.46599999999999997,0.22042730588848358
0.12460000000000002,0.46699999999999997,0.22083007047768205
0.12460000000000002,0.46799999999999997,0.22123430962343096
0.12460000000000002,0.469,0.22164003143830235
0.12460000000000002,0.47,0.22204724409448817
0.12460000000000002,0.471,0.22245595582434918
0.12460000000000002,0.472,0.22286617492096944
0.12460000000000002,0.473,0.22327790973871736
0.12460000000000002,0.474,0.2236911686938128
0.12460000000000002,0.475,0.22410596026490065
0.12460000000000002,0.476,0.22452229299363058
0.12460000000000002,0.477,0.2249401754852433
0.12460000000000002,0.478,0.22535961640916358
0.12460000000000002,0.479,0.22578062449959965
0.12460000000000002,0.48,0.22620320855614973
0.12460000000000002,0.481,0.2266273774444147
0.12460000000000002,0.482,0.22705314009661837
0.12460000000000002,0.483,0.22748050551223445
0.12460000000000002,0.484,0.2279094827586207
0.12460000000000002,0.485,0.22834008097165995
0.12460000000000002,0.486,0.22877230935640888
0.12460000000000002,0.487,0.229206177187754
0.12460000000000002,0.488,0.22964169381107494
0.12460000000000002,0.489,0.23007886864291546
0.12460000000000002,0.49,0.23051771117166212
0.12460000000000002,0.491,0.23095823095823093
0.12460000000000002,0.492,0.2314004376367615
0.12460000000000002,0.493,0.23184434091531927
0.12460000000000002,0.494,0.23228995057660626
0.12460000000000002,0.495,0.2327372764786795
0.12460000000000002,0.496,0.23318632855567809
0.12460000000000002,0.497,0.23363711681855845
0.12460000000000002,0.498,0.23408965135583842
0.12460000000000002,0.499,0.23454394233434986
0.12460000000000002,0.5,0.235
0.12460000000000002,0.501,0.23545783467854162
0.12460000000000002,0.502,0.23591745677635248
0.12460000000000002,0.503,0.2363788767812238
0.12460000000000002,0.504,0.2368421052631579
0.12460000000000002,0.505,0.23730715287517534
0.12460000000000002,0.506,0.23777403035413155
0.12460000000000002,0.507,0.23824274852154323
0.12460000000000002,0.508,0.2387133182844244
0.12460000000000002,0.509,0.23918575063613237
0.12460000000000002,0.51,0.23966005665722379
0.12460000000000002,0.511,0.2401362475163213
0.12460000000000002,0.512,0.24061433447098976
0.12460000000000002,0.513,0.24109432886862356
0.12460000000000002,0.514,0.24157624214734438
0.12460000000000002,0.515,0.24206008583690988
0.12460000000000002,0.516,0.24254587155963306
0.12460000000000002,0.517,0.24303361103131288
0.12460000000000002,0.518,0.2435233160621762
0.12460000000000002,0.519,0.24401499855783096
0.12460000000000002,0.52,0.24450867052023123
0.12460000000000002,0.521,0.24500434404865337
0.12460000000000002,0.522,0.24550203134068485
0.12460000000000002,0.523,0.24600174469322478
0.12460000000000002,0.524,0.2465034965034965
0.12460000000000002,0.525,0.24700729927007303
0.12460000000000002,0.526,0.2475131655939146
0.12460000000000002,0.5269999999999999,0.2480211081794195
0.12460000000000002,0.528,0.2485311398354877
0.12460000000000002,0.5289999999999999,0.249043273476597
0.12460000000000002,0.53,0.24955752212389382
0.12460000000000002,0.5309999999999999,0.2500738989062961
0.12460000000000002,0.532,0.2505924170616114
0.12460000000000002,0.5329999999999999,0.2511130899376669
0.12460000000000002,0.534,0.2516359309934563
0.12460000000000002,0.5349999999999999,0.252160953800298
0.12460000000000002,0.536,0.2526881720430108
0.12460000000000002,0.5369999999999999,0.25321759952110146
0.12460000000000002,0.538,0.2537492501499701
0.12460000000000002,0.5389999999999999,0.25428313796212804
0.12460000000000002,0.54,0.2548192771084338
0.12460000000000002,0.5409999999999999,0.25535768185934193
0.12460000000000002,0.542,0.2558983666061706
0.12460000000000002,0.5429999999999999,0.2564413458623825
0.12460000000000002,0.544,0.2569866342648846
0.12460000000000002,0.5449999999999999,0.25753424657534246
0.12460000000000002,0.546,0.25808419768151314
0.12460000000000002,0.5469999999999999,0.25863650259859366
0.12460000000000002,0.548,0.2591911764705883
0.12460000000000002,0.5489999999999999,0.2597482345716917
0.12460000000000002,0.55,0.26030769230769235
0.12460000000000002,0.5509999999999999,0.26086956521739124
0.12460000000000002,0.552,0.261433868974042
0.12460000000000002,0.5529999999999999,0.262000619386807
0.12460000000000002,0.554,0.2625698324022347
0.12460000000000002,0.5549999999999999,0.26314152410575425
0.12460000000000002,0.556,0.26371571072319205
0.12460000000000002,0.5569999999999999,0.2642924086223055
0.12460000000000002,0.558,0.26487163431433947
0.12460000000000002,0.5589999999999999,0.2654534044556009
0.12460000000000002,0.5599999999999999,0.26603773584905654
0.12460000000000002,0.5609999999999999,0.26662464544595016
0.12460000000000002,0.5619999999999999,0.26721415034744156
0.12460000000000002,0.563,0.26780626780626776
0.12460000000000002,0.564,0.26840101522842635
0.12460000000000002,0.565,0.26899841017488074
0.12460000000000002,0.566,0.2695984703632887
0.12460000000000002,0.567,0.2702012136697541
0.12460000000000002,0.568,0.2708066581306018
0.12460000000000002,0.569,0.2714148219441771
0.12460000000000002,0.57,0.27202572347266885
0.12460000000000002,0.571,0.2726393812439574
0.12460000000000002,0.572,0.2732558139534883
0.12460000000000002,0.573,0.2738750404661702
0.12460000000000002,0.574,0.2744970798182998
0.12460000000000002,0.575,0.27512195121951216
0.12460000000000002,0.576,0.27574967405475875
0.12460000000000002,0.577,0.27638026788631165
0.12460000000000002,0.578,0.2770137524557957
0.12460000000000002,0.579,0.2776501476862488
0.12460000000000002,0.58,0.2782894736842105
0.12460000000000002,0.581,0.27893175074183973
0.12460000000000002,0.582,0.27957699933906144
0.12460000000000002,0.583,0.2802252401457436
0.12460000000000002,0.584,0.28087649402390436
0.12460000000000002,0.585,0.2815307820299501
0.12460000000000002,0.586,0.28218812541694466
0.12460000000000002,0.587,0.28284854563691075
0.12460000000000002,0.588,0.2835120643431635
0.12460000000000002,0.589,0.2841787033926772
0.12460000000000002,0.59,0.2848484848484849
0.12460000000000002,0.591,0.2855214309821127
0.12460000000000002,0.592,0.28619756427604864
0.12460000000000002,0.593,0.28687690742624616
0.12460000000000002,0.594,0.2875594833446635
0.12460000000000002,0.595,0.2882453151618399
0.12460000000000002,0.596,0.28893442622950816
0.12460000000000002,0.597,0.28962684012324547
0.12460000000000002,0.598,0.2903225806451613
0.12460000000000002,0.599,0.2910216718266254
0.12460000000000002,0.6,0.2917241379310344
0.12460000000000002,0.601,0.2924300034566194
0.12460000000000002,0.602,0.29313929313929316
0.12460000000000002,0.603,0.2938520319555401
0.12460000000000002,0.604,0.2945682451253481
0.12460000000000002,0.605,0.29528795811518327
0.12460000000000002,0.606,0.2960111966410077
0.12460000000000002,0.607,0.2967379866713434
0.12460000000000002,0.608,0.2974683544303797
0.12460000000000002,0.609,0.298202326401128
0.12460000000000002,0.61,0.29893992932862196
0.12460000000000002,0.611,0.2996811902231668
0.12460000000000002,0.612,0.3004261363636363
0.12460000000000002,0.613,0.3011747953008188
0.12460000000000002,0.614,0.3019271948608137
0.12460000000000002,0.615,0.30268336314847943
0.12460000000000002,0.616,0.30344332855093253
0.12460000000000002,0.617,0.3042071197411003
0.12460000000000002,0.618,0.30497476568132664
0.12460000000000002,0.619,0.3057462956270329
0.12460000000000002,0.62,0.30652173913043473
0.12460000000000002,0.621,0.30730112604431525
0.12460000000000002,0.622,0.3080844865258558
0.12460000000000002,0.623,0.3088718510405257
0.12460000000000002,0.624,0.3096632503660322
0.12460000000000002,0.625,0.31045871559633026
0.12460000000000002,0.626,0.3112582781456954
0.12460000000000002,0.627,0.31206196975285877
0.12460000000000002,0.628,0.3128698224852071
0.12460000000000002,0.629,0.3136818687430479
0.12460000000000002,0.63,0.3144981412639406
0.12460000000000002,0.631,0.3153186731270965
0.12460000000000002,0.632,0.3161434977578475
0.12460000000000002,0.633,0.31697264893218435
0.12460000000000002,0.634,0.3178061607813674
0.12460000000000002,0.635,0.3186440677966102
0.12460000000000002,0.636,0.31948640483383683
0.12460000000000002,0.637,0.32033320711851576
0.12460000000000002,0.638,0.32118451025056954
0.12460000000000002,0.639,0.32204035020936433
0.12460000000000002,0.6399999999999999,0.3229007633587786
0.12460000000000002,0.641,0.3237657864523536
0.12460000000000002,0.6419999999999999,0.3246354566385264
0.12460000000000002,0.643,0.32550981146594843
0.12460000000000002,0.6439999999999999,0.3263888888888888
0.12460000000000002,0.645,0.32727272727272727
0.12460000000000002,0.6459999999999999,0.32816136539953444
0.12460000000000002,0.647,0.32905484247374567
0.12460000000000002,0.6479999999999999,0.32995319812792506
0.12460000000000002,0.649,0.33085647242862737
0.12460000000000002,0.6499999999999999,0.3317647058823529
0.12460000000000002,0.651,0.3326779394416044
0.12460000000000002,0.6519999999999999,0.33359621451104093
0.12460000000000002,0.653,0.3345195729537367
0.12460000000000002,0.6539999999999999,0.33544805709754155
0.12460000000000002,0.655,0.33638170974155074
0.12460000000000002,0.6559999999999999,0.33732057416267935
0.12460000000000002,0.657,0.3382646941223511
0.12460000000000002,0.6579999999999999,0.3392141138732959
0.12460000000000002,0.659,0.34016887816646574
0.12460000000000002,0.6599999999999999,0.3411290322580645
0.12460000000000002,0.661,0.3420946219167004
0.12460000000000002,0.6619999999999999,0.34306569343065685
0.12460000000000002,0.663,0.3440422936152908
0.12460000000000002,0.6639999999999999,0.3450244698205546
0.12460000000000002,0.665,0.34601226993865036
0.12460000000000002,0.6659999999999999,0.3470057424118129
0.12460000000000002,0.667,0.34800493624023043
0.12460000000000002,0.6679999999999999,0.349009900990099
0.12460000000000002,0.669,0.3500206868018206
0.12460000000000002,0.6699999999999999,0.3510373443983403
0.12460000000000002,0.671,0.35205992509363304
0.12460000000000002,0.6719999999999999,0.3530884808013355
0.12460000000000002,0.673,0.35412306404353294
0.12460000000000002,0.6739999999999999,0.3551637279596977
0.12460000000000002,0.675,0.3562105263157896
0.12460000000000002,0.6759999999999999,0.3572635135135135
0.12460000000000002,0.677,0.358322744599746
0.12460000000000002,0.6779999999999999,0.3593882752761257
0.12460000000000002,0.679,0.3604601619088199
0.12460000000000002,0.6799999999999999,0.36153846153846153
0.12460000000000002,0.681,0.3626232318902701
0.12460000000000002,0.6819999999999999,0.3637145313843508
0.12460000000000002,0.683,0.3648124191461838
0.12460000000000002,0.6839999999999999,0.365916955017301
0.12460000000000002,0.685,0.3670281995661606
0.12460000000000002,0.6859999999999999,0.3681462140992167
0.12460000000000002,0.687,0.3692710606721957
0.12460000000000002,0.688,0.37040280210157617
0.12460000000000002,0.6890000000000001,0.3715415019762847
0.12460000000000002,0.69,0.3726872246696035
0.12460000000000002,0.6910000000000001,0.37384003535130367
0.12460000000000002,0.692,0.37499999999999994
0.12460000000000002,0.6930000000000001,0.37616718541574046
0.12460000000000002,0.694,0.3773416592328278
0.12460000000000002,0.6950000000000001,0.37852348993288604
0.12460000000000002,0.696,0.37971274685816875
0.12460000000000002,0.6970000000000001,0.380909500225124
0.12460000000000002,0.698,0.3821138211382114
0.12460000000000002,0.6990000000000001,0.3833257816039875
0.12460000000000002,0.7,0.3845454545454546
0.12460000000000002,0.7010000000000001,0.38577291381668954
0.12460000000000002,0.702,0.38700823421774927
0.12460000000000002,0.703,0.38825149150986693
0.12460000000000002,0.704,0.38950276243093923
0.12460000000000002,0.705,0.39076212471131644
0.12460000000000002,0.706,0.39202965708989806
0.12460000000000002,0.707,0.3933054393305439
0.12460000000000002,0.708,0.394589552238806
0.12460000000000002,0.709,0.3958820776789892
0.12460000000000002,0.71,0.3971830985915493
0.12460000000000002,0.711,0.39849269901083373
0.12460000000000002,0.712,0.3998109640831758
0.12460000000000002,0.713,0.40113798008534857
0.12460000000000002,0.714,0.40247383444338725
0.12460000000000002,0.715,0.40381861575178996
0.12460000000000002,0.716,0.4051724137931035
0.12460000000000002,0.717,0.4065353195579049
0.12460000000000002,0.718,0.4079074252651881
0.12460000000000002,0.719,0.409288824383164
0.12460000000000002,0.72,0.41067961165048544
0.12460000000000002,0.721,0.41207988309790555
0.12460000000000002,0.722,0.41348973607038125
0.12460000000000002,0.723,0.41490926924963223
0.12460000000000002,0.724,0.41633858267716534
0.12460000000000002,0.725,0.4177777777777778
0.12460000000000002,0.726,0.4192269573835481
0.12460000000000002,0.727,0.42068622575832926
0.12460000000000002,0.728,0.42215568862275454
0.12460000000000002,0.729,0.42363545317976964
0.12460000000000002,0.73,0.42512562814070354
0.12460000000000002,0.731,0.42662632375189113
0.12460000000000002,0.732,0.4281376518218624
0.12460000000000002,0.733,0.42965972574911127
0.12460000000000002,0.734,0.43119266055045874
0.12460000000000002,0.735,0.4327365728900256
0.12460000000000002,0.736,0.4342915811088296
0.12460000000000002,0.737,0.43585780525502327
0.12460000000000002,0.738,0.4374353671147881
0.12460000000000002,0.739,0.43902439024390244
0.12460000000000002,0.74,0.44062500000000004
0.12460000000000002,0.741,0.44223732357553586
0.12460000000000002,0.742,0.4438614900314796
0.12460000000000002,0.743,0.44549763033175366
0.12460000000000002,0.744,0.44714587737843553
0.12460000000000002,0.745,0.4488063660477454
0.12460000000000002,0.746,0.45047923322683714
0.12460000000000002,0.747,0.45216461785141643
0.12460000000000002,0.748,0.4538626609442061
0.12460000000000002,0.749,0.4555735056542811
0.12460000000000002,0.75,0.45729729729729734
0.12460000000000002,0.751,0.459034183396636
0.12460000000000002,0.752,0.4607843137254903
0.12460000000000002,0.753,0.4625478403499181
0.12460000000000002,0.754,0.46432491767288697
0.12460000000000002,0.755,0.4661157024793389
0.12460000000000002,0.756,0.467920353982301
0.12460000000000002,0.757,0.46973903387007226
0.12460000000000002,0.758,0.4715719063545152
0.12460000000000002,0.759,0.4734191382204813
0.12460000000000002,0.76,0.47528089887640457
0.12460000000000002,0.761,0.47715736040609147
0.12460000000000002,0.762,0.4790486976217442
0.12460000000000002,0.763,0.4809550881182491
0.12460000000000002,0.764,0.48287671232876717
0.12460000000000002,0.765,0.48481375358166195
0.12460000000000002,0.766,0.48676639815880335
0.12460000000000002,0.7669999999999999,0.48873483535528583
0.12460000000000002,0.768,0.49071925754060336
0.12460000000000002,0.7689999999999999,0.49271986022131614
0.12460000000000002,0.77,0.49473684210526325
0.12460000000000002,0.7709999999999999,0.4967704051673516
0.12460000000000002,0.772,0.4988207547169813
0.12460000000000002,0.7729999999999999,0.5008880994671402
0.12460000000000002,0.774,0.502972651605232
0.12460000000000002,0.7749999999999999,0.5050746268656715
0.12460000000000002,0.776,0.5071942446043167
0.12460000000000002,0.7769999999999999,0.5093317278747741
0.12460000000000002,0.778,0.5114873035066507
0.12460000000000002,0.7789999999999999,0.5136612021857923
0.12460000000000002,0.78,0.5158536585365855
0.12460000000000002,0.7809999999999999,0.5180649112063686
0.12460000000000002,0.782,0.5202952029520297
0.12460000000000002,0.7829999999999999,0.5225447807288449
0.12460000000000002,0.784,0.5248138957816378
0.12460000000000002,0.7849999999999999,0.5271028037383176
0.12460000000000002,0.786,0.5294117647058825
0.12460000000000002,0.7869999999999999,0.5317410433689502
0.12460000000000002,0.788,0.5340909090909093
0.12460000000000002,0.7889999999999999,0.5364616360177552
0.12460000000000002,0.79,0.5388535031847135
0.12460000000000002,0.7909999999999999,0.5412667946257197
0.12460000000000002,0.792,0.5437017994858614
0.12460000000000002,0.7929999999999999,0.5461588121368625
0.12460000000000002,0.794,0.54863813229572
0.12460000000000002,0.7949999999999999,0.5511400651465796
0.12460000000000002,0.796,0.5536649214659688
0.12460000000000002,0.7969999999999999,0.5562130177514792
0.12460000000000002,0.798,0.5587846763540293
0.12460000000000002,0.7989999999999999,0.5613802256138022
0.12460000000000002,0.8,0.5640000000000002
0.12460000000000002,0.8009999999999999,0.566644340254521
0.12460000000000002,0.802,0.5693135935397041
0.12460000000000002,0.8029999999999999,0.5720081135902636
0.12460000000000002,0.804,0.5747282608695654
0.12460000000000002,0.8049999999999999,0.5774744027303753
0.12460000000000002,0.806,0.5802469135802472
0.12460000000000002,0.8069999999999999,0.5830461750516884
0.12460000000000002,0.808,0.5858725761772856
0.12460000000000002,0.8089999999999999,0.5887265135699373
0.12460000000000002,0.81,0.5916083916083918
0.12460000000000002,0.8109999999999999,0.5945186226282501
0.12460000000000002,0.812,0.5974576271186444
0.12460000000000002,0.813,0.6004258339247693
0.12460000000000002,0.8140000000000001,0.603423680456491
0.12460000000000002,0.815,0.6064516129032257
0.12460000000000002,0.8160000000000001,0.6095100864553317
0.12460000000000002,0.817,0.612599565532223
0.12460000000000002,0.8180000000000001,0.6157205240174676
0.12460000000000002,0.819,0.6188734455010972
0.12460000000000002,0.8200000000000001,0.622058823529412
0.12460000000000002,0.821,0.6252771618625277
0.12460000000000002,0.8220000000000001,0.6285289747399706
0.12460000000000002,0.823,0.6318147871545929
0.12460000000000002,0.8240000000000001,0.6351351351351354
0.12460000000000002,0.825,0.6384905660377358
0.12460000000000002,0.8260000000000001,0.6418816388467378
0.12460000000000002,0.827,0.6453089244851258
0.12460000000000002,0.8280000000000001,0.6487730061349697
0.12460000000000002,0.829,0.6522744795682344
0.12460000000000002,0.83,0.655813953488372
0.12460000000000002,0.831,0.6593920498830864
0.12460000000000002,0.832,0.6630094043887147
0.12460000000000002,0.833,0.6666666666666666
0.12460000000000002,0.834,0.6703645007923931
0.12460000000000002,0.835,0.6741035856573704
0.12460000000000002,0.836,0.6778846153846153
0.12460000000000002,0.837,0.6817082997582594
0.12460000000000002,0.838,0.6855753646677472
0.12460000000000002,0.839,0.6894865525672372
0.12460000000000002,0.84,0.6934426229508196
0.12460000000000002,0.841,0.6974443528441879
0.12460000000000002,0.842,0.7014925373134329
0.12460000000000002,0.843,0.7055879899916597
0.12460000000000002,0.844,0.7097315436241611
0.12460000000000002,0.845,0.7139240506329113
0.12460000000000002,0.846,0.7181663837011885
0.12460000000000002,0.847,0.7224594363791631
0.12460000000000002,0.848,0.7268041237113403
0.12460000000000002,0.849,0.7312013828867763
0.12460000000000002,0.85,0.7356521739130434
0.12460000000000002,0.851,0.7401574803149606
0.12460000000000002,0.852,0.744718309859155
0.12460000000000002,0.853,0.7493356953055802
0.12460000000000002,0.854,0.7540106951871659
0.12460000000000002,0.855,0.758744394618834
0.12460000000000002,0.856,0.7635379061371841
0.12460000000000002,0.857,0.7683923705722071
0.12460000000000002,0.858,0.7733089579524681
0.12460000000000002,0.859,0.7782888684452623
0.12460000000000002,0.86,0.7833333333333333
0.12460000000000002,0.861,0.7884436160298229
0.12460000000000002,0.862,0.7936210131332083
0.12460000000000002,0.863,0.7988668555240794
0.12460000000000002,0.864,0.8041825095057036
0.12460000000000002,0.865,0.8095693779904306
0.12460000000000002,0.866,0.8150289017341041
0.12460000000000002,0.867,0.8205625606207566
0.12460000000000002,0.868,0.8261718750000001
0.12460000000000002,0.869,0.8318584070796462
0.12460000000000002,0.87,0.8376237623762377
0.12460000000000002,0.871,0.8434695912263211
0.12460000000000002,0.872,0.8493975903614459
0.12460000000000002,0.873,0.8554095045500507
0.12460000000000002,0.874,0.8615071283095725
0.12460000000000002,0.875,0.8676923076923078
0.12460000000000002,0.876,0.8739669421487605
0.12460000000000002,0.877,0.8803329864724247
0.12460000000000002,0.878,0.8867924528301889
0.12460000000000002,0.879,0.8933474128827881
0.12460000000000002,0.88,0.9000000000000001
0.12460000000000002,0.881,0.9067524115755629
0.12460000000000002,0.882,0.9136069114470844
0.12460000000000002,0.883,0.9205658324265509
0.12460000000000002,0.884,0.9276315789473688
0.12460000000000002,0.885,0.9348066298342542
0.12460000000000002,0.886,0.9420935412026727
0.12460000000000002,0.887,0.9494949494949497
0.12460000000000002,0.888,0.9570135746606339
0.12460000000000002,0.889,0.964652223489168
0.12460000000000002,0.89,0.9724137931034484
0.12460000000000002,0.891,0.980301274623407
0.12460000000000002,0.892,0.9883177570093461
0.12460000000000002,0.893,0.9964664310954068
