scenario,cases_per_period,audit_share,estimator,replications,truth,mean_estimate,bias,rmse,empirical_sd,mean_reported_se,coverage_95,mcse_bias,mcse_coverage
improvement_only,250,0.1,delta_p_audit_override,1000,0.28,0.27656067512454185,-0.0034393248754581982,0.04229205604776812,0.04217306743367596,0.04935888588328393,0.982,0.001333629490062881,0.004204283529925166
improvement_only,250,0.1,delta_e_audit_override,1000,0.0,-0.020322458324042458,-0.020322458324042458,0.14902224706701397,0.14770390737154698,0.18879123463206132,0.987,0.004670807666006227,0.0035820385257559714
improvement_only,250,0.1,delta_p_audit_proxy,1000,0.28,0.27689784208980417,-0.0031021579101958197,0.05508204649077508,0.05502214006933869,0.05594741003634249,0.957,0.001739952843559252,0.006414904519944161
improvement_only,250,0.1,delta_e_audit_proxy,1000,0.0,0.0008532698557548994,0.0008532698557548994,0.041809428831508226,0.04182163697285533,0.04129346140774479,0.95,0.0013225162831093235,0.006892024376045114
improvement_only,250,0.1,delta_override,1000,-0.1764,-0.17674348,-0.0003434799999999986,0.01753018247480613,0.017535587127481805,0.017255160462283467,0.953,0.0005545239543117192,0.00669260786241059
improvement_only,250,0.25,delta_p_audit_override,1000,0.28,0.27798652561893006,-0.0020134743810699836,0.0302149643217537,0.030162887621567255,0.03354125945046881,0.972,0.0009538342569185148,0.005216895628628201
improvement_only,250,0.25,delta_e_audit_override,1000,0.0,-0.0074261637415950635,-0.0074261637415950635,0.12256266717653601,0.12239869655526477,0.14890851065201727,0.988,0.0038705866375044213,0.003443254274665176
improvement_only,250,0.25,delta_p_audit_proxy,1000,0.28,0.27829880142628527,-0.001701198573714786,0.03476401560686638,0.03473974027078097,0.0356372383516168,0.95,0.0010985670457834247,0.006892024376045114
improvement_only,250,0.25,delta_e_audit_proxy,1000,0.0,0.0011434704262663028,0.0011434704262663028,0.0416708238525184,0.04167597536776704,0.041252656164668354,0.949,0.0013179100587121738,0.006956938982052382
improvement_only,250,0.25,delta_override,1000,-0.1764,-0.17613427999999998,0.0002657200000000018,0.017551623742548723,0.017558393607265663,0.017265779682689882,0.949,0.0005552451585269949,0.006956938982052382
improvement_only,1000,0.1,delta_p_audit_override,1000,0.28,0.2786194343828372,-0.0013805656171628057,0.023120540581914702,0.0230908341555404,0.02442973307155375,0.97,0.000730196290047184,0.0053944415837044735
improvement_only,1000,0.1,delta_e_audit_override,1000,0.0,-0.004319307752444783,-0.004319307752444783,0.08863914311506751,0.08857814267680918,0.09491442640922779,0.965,0.00280108681766081,0.005811626278418119
improvement_only,1000,0.1,delta_p_audit_proxy,1000,0.28,0.27898742230137635,-0.0010125776986237226,0.02741711594675066,0.027412120633023243,0.028063548429800255,0.955,0.000866847366956501,0.00655553201502365
improvement_only,1000,0.1,delta_e_audit_proxy,1000,0.0,-0.0008866416399359683,-0.0008866416399359683,0.020299895678286863,0.020290671316990857,0.020582694909568655,0.947,0.0006416473661553949,0.007084560677981384
improvement_only,1000,0.1,delta_override,1000,-0.1764,-0.17636235,3.765000000000221e-05,0.0084221329424321,0.008426262972705347,0.008639671584416132,0.955,0.00026646183157290126,0.00655553201502365
improvement_only,1000,0.25,delta_p_audit_override,1000,0.28,0.2799879838201149,-1.2016179885169787e-05,0.016868285253934256,0.016876721445418928,0.016667446362951355,0.951,0.0005336887920373288,0.006826346021115546
improvement_only,1000,0.25,delta_e_audit_override,1000,0.0,0.001269921474317088,0.001269921474317088,0.07489858165343734,0.07492528699829895,0.07440280469905713,0.949,0.002369345612564251,0.006956938982052382
improvement_only,1000,0.25,delta_p_audit_proxy,1000,0.28,0.2800010053020658,1.00530206571392e-06,0.01810484049617137,0.01811389968347284,0.01775895198681467,0.944,0.0005728118030757724,0.007270763371201131
improvement_only,1000,0.25,delta_e_audit_proxy,1000,0.0,-0.001063218714944525,-0.001063218714944525,0.020829596175963267,0.020812852222497777,0.020584007000760657,0.939,0.0006581601762759052,0.007568289106528638
improvement_only,1000,0.25,delta_override,1000,-0.1764,-0.1760577,0.00034230000000000203,0.008650110912583723,0.008647660466365543,0.008637716753666085,0.953,0.0002734630350550903,0.00669260786241059
improvement_only,4000,0.1,delta_p_audit_override,1000,0.28,0.2791796759696667,-0.0008203240303333681,0.012232718935973642,0.012211289720927686,0.012197988531024294,0.95,0.00038615488686333385,0.006892024376045114
improvement_only,4000,0.1,delta_e_audit_override,1000,0.0,-0.0035209975601392133,-0.0035209975601392133,0.048013641344193864,0.04790832431685777,0.04748312439408612,0.943,0.0015149942372330086,0.007331507348424336
improvement_only,4000,0.1,delta_p_audit_proxy,1000,0.28,0.27900508781302913,-0.000994912186970858,0.013731494415521827,0.013702256765372199,0.014042957509611787,0.952,0.0004333034046302754,0.006759881655768837
improvement_only,4000,0.1,delta_e_audit_proxy,1000,0.0,-0.00011961143726317744,-0.00011961143726317744,0.010716331244946758,0.010721025550027493,0.010298998084477632,0.941,0.00033902859590946355,0.007451107300260817
improvement_only,4000,0.1,delta_override,1000,-0.1764,-0.17667982499999998,-0.00027982499999999776,0.004342554675821595,0.0043356980244516835,0.004321838875977262,0.954,0.00013710681003959734,0.006624499981130654
improvement_only,4000,0.25,delta_p_audit_override,1000,0.28,0.2797874081192433,-0.0002125918807567531,0.008745121982729497,0.008746912121240942,0.008341326296065155,0.939,0.0002766016479645624,0.007568289106528638
improvement_only,4000,0.25,delta_e_audit_override,1000,0.0,-0.0025057072693780037,-0.0025057072693780037,0.03713024692445556,0.03706413924765281,0.037234420532910505,0.943,0.0011720709953622253,0.007331507348424336
improvement_only,4000,0.25,delta_p_audit_proxy,1000,0.28,0.27973784441800015,-0.00026215558199990674,0.009392536078828924,0.00939357480891167,0.008882456666491288,0.929,0.00029705091767341836,0.008121514637061239
improvement_only,4000,0.25,delta_e_audit_proxy,1000,0.0,-0.00023040083120445364,-0.00023040083120445364,0.010192584051705585,0.01019507845643162,0.010299807329070737,0.963,0.00032239668846437635,0.005969170796685251
improvement_only,4000,0.25,delta_override,1000,-0.1764,-0.1766910175,-0.00029101749999999743,0.004319346631002193,0.004311688159901175,0.004321483896102807,0.948,0.00013634755145667995,0.007021111023192843
exact_equivalent_disengagement,250,0.1,delta_p_audit_override,1000,0.0,0.0038883333624412735,0.0038883333624412735,0.062139731384834716,0.06204898997888151,0.06063677072014538,0.942,0.0019621613484622864,0.007391616873188169
exact_equivalent_disengagement,250,0.1,delta_e_audit_override,1000,-0.6082758620689657,-0.5967689387067076,0.011506923362258137,0.10260726945523704,0.1020110224853336,0.10631853885461592,0.958,0.003225871774963047,0.006343185319695463
exact_equivalent_disengagement,250,0.1,delta_p_audit_proxy,1000,0.0,0.0016157706765344254,0.0016157706765344254,0.06939069184437037,0.06940658956061488,0.06627816503008697,0.931,0.002194829076360083,0.008014923580421711
exact_equivalent_disengagement,250,0.1,delta_e_audit_proxy,1000,-0.6082758620689657,-0.6055573060680818,0.0027185560008839284,0.04994971807591749,0.04990063990568351,0.04836753154228127,0.939,0.0015779967880184972,0.007568289106528638
exact_equivalent_disengagement,250,0.1,delta_override,1000,-0.1764000000000001,-0.17483292,0.0015670800000001112,0.017064710768132003,0.017001107361731622,0.017251100120620852,0.949,0.0005376222200812809,0.006956938982052382
exact_equivalent_disengagement,250,0.25,delta_p_audit_override,1000,0.0,0.0029986450246851427,0.0029986450246851427,0.0398630019509886,0.03976994721220678,0.040576159877223,0.96,0.0012576361561523722,0.00619677335393187
exact_equivalent_disengagement,250,0.25,delta_e_audit_override,1000,-0.6082758620689657,-0.6006332233794681,0.007642638689497652,0.07989313353808802,0.07956653627053681,0.08332684295048878,0.964,0.0025161148014529564,0.005891010100144119
exact_equivalent_disengagement,250,0.25,delta_p_audit_proxy,1000,0.0,0.002241670494649272,0.002241670494649272,0.04242712907209724,0.042389067313654584,0.04214651356939758,0.951,0.0013404600060134355,0.006826346021115546
exact_equivalent_disengagement,250,0.25,delta_e_audit_proxy,1000,-0.6082758620689657,-0.6081837013946444,9.21606743213611e-05,0.049860569546870306,0.04988543332884667,0.04830864230609101,0.945,0.0015775159138363096,0.007209368904418752
exact_equivalent_disengagement,250,0.25,delta_override,1000,-0.1764000000000001,-0.17528644,0.0011135600000001134,0.017722069269698736,0.017695899756570578,0.01726264766732151,0.951,0.000559593484767822,0.006826346021115546
exact_equivalent_disengagement,1000,0.1,delta_p_audit_override,1000,0.0,0.00020601868941361125,0.00020601868941361125,0.031629749176193614,0.03164490463309647,0.030315799325165146,0.948,0.0010006997497939982,0.007021111023192843
exact_equivalent_disengagement,1000,0.1,delta_e_audit_override,1000,-0.6082758620689657,-0.6081590580397901,0.00011680402917564953,0.054189647035865436,0.05421663625066373,0.05306431227464821,0.947,0.0017144805762494904,0.007084560677981384
exact_equivalent_disengagement,1000,0.1,delta_p_audit_proxy,1000,0.0,0.0005467372564811354,0.0005467372564811354,0.03402108489837802,0.03403371254542538,0.033204086959142315,0.936,0.00107624048874991,0.007739767438366605
exact_equivalent_disengagement,1000,0.1,delta_e_audit_proxy,1000,-0.6082758620689657,-0.606891579960233,0.001384282108732588,0.024667327559622646,0.024640778801757038,0.024102534695564476,0.949,0.0007792098433394685,0.006956938982052382
exact_equivalent_disengagement,1000,0.1,delta_override,1000,-0.1764000000000001,-0.17622284000000002,0.00017716000000011286,0.008544547325634052,0.008546985099360398,0.008639002757672262,0.955,0.00027027940041499403,0.00655553201502365
exact_equivalent_disengagement,1000,0.25,delta_p_audit_override,1000,0.0,-4.398134104128915e-05,-4.398134104128915e-05,0.019720532989499683,0.01973035158848901,0.02022169571092244,0.954,0.000623928500555465,0.006624499981130654
exact_equivalent_disengagement,1000,0.25,delta_e_audit_override,1000,-0.6082758620689657,-0.607018898027264,0.0012569640417016074,0.04231606195639868,0.04231855386112027,0.04140169412966651,0.948,0.0013382301748565291,0.007021111023192843
exact_equivalent_disengagement,1000,0.25,delta_p_audit_proxy,1000,0.0,-6.333974015169613e-05,-6.333974015169613e-05,0.020373702425891097,0.02038379841575,0.021010705762539855,0.959,0.0006445923035950182,0.006270486424512857
exact_equivalent_disengagement,1000,0.25,delta_e_audit_proxy,1000,-0.6082758620689657,-0.608344118983039,-6.82569140732191e-05,0.025204773750159448,0.025217293127198864,0.024090048871375367,0.935,0.0007974408270605858,0.0077958322198467015
exact_equivalent_disengagement,1000,0.25,delta_override,1000,-0.1764000000000001,-0.17600514,0.0003948600000001127,0.008918032608148508,0.008913744781315338,0.00863796449137482,0.943,0.0002818773599039597,0.007331507348424336
exact_equivalent_disengagement,4000,0.1,delta_p_audit_override,1000,0.0,0.0005596827944239894,0.0005596827944239894,0.014944430742431894,0.014941419323356318,0.015183891037821829,0.955,0.00047248916537457827,0.00655553201502365
exact_equivalent_disengagement,4000,0.1,delta_e_audit_override,1000,-0.6082758620689657,-0.6071180306186823,0.001157831450283318,0.025745314404106292,0.025732135218086736,0.0264707628040313,0.964,0.0008137215634858768,0.005891010100144119
exact_equivalent_disengagement,4000,0.1,delta_p_audit_proxy,1000,0.0,0.0008778175772591845,0.0008778175772591845,0.0164301298139345,0.01641487283087652,0.016613119185209458,0.958,0.0005190838564758571,0.006343185319695463
exact_equivalent_disengagement,4000,0.1,delta_e_audit_proxy,1000,-0.6082758620689657,-0.6088977610784575,-0.0006218990094918624,0.012343653964488291,0.012334146341883722,0.012045777762403986,0.947,0.00039003995434186433,0.007084560677981384
exact_equivalent_disengagement,4000,0.1,delta_override,1000,-0.1764000000000001,-0.17637083250000002,2.9167500000113616e-05,0.004160230039462962,0.00416220941633397,0.004321589610807626,0.958,0.00013162061854215382,0.006343185319695463
exact_equivalent_disengagement,4000,0.25,delta_p_audit_override,1000,0.0,-0.00028031034912547303,-0.00028031034912547303,0.009967503933023791,0.009968547170762327,0.010112266699695846,0.954,0.0003152331402243641,0.006624499981130654
exact_equivalent_disengagement,4000,0.25,delta_e_audit_override,1000,-0.6082758620689657,-0.6083984765374054,-0.00012261446843968838,0.02065899849422238,0.020668971693513907,0.02071422965350083,0.958,0.0006536102744505162,0.006343185319695463
exact_equivalent_disengagement,4000,0.25,delta_p_audit_proxy,1000,0.0,-0.00030132653894678735,-0.00030132653894678735,0.010373201389783527,0.010374012218975485,0.010506317927669028,0.956,0.00032805507086379975,0.006485676526007139
exact_equivalent_disengagement,4000,0.25,delta_e_audit_proxy,1000,-0.6082758620689657,-0.6086202447378641,-0.0003443826688984256,0.012271021918827498,0.01227232616496182,0.012046945116220856,0.95,0.00038808502869758644,0.006892024376045114
exact_equivalent_disengagement,4000,0.25,delta_override,1000,-0.1764000000000001,-0.17628562250000002,0.00011437750000011315,0.004214467870473095,0.004215023563681007,0.004321320176983615,0.948,0.0001332907485251176,0.007021111023192843
mixed,250,0.1,delta_p_audit_override,1000,0.15,0.1538970808472672,0.0038970808472672397,0.056710332401632535,0.056604581445446,0.061779290300467096,0.969,0.0017899940336811545,0.005480784615363026
mixed,250,0.1,delta_e_audit_override,1000,-0.35,-0.3389714899011239,0.011028510098876112,0.13825705772483018,0.13788545381620249,0.15254513118668178,0.971,0.00436032090265156,0.005306505441436956
mixed,250,0.1,delta_p_audit_proxy,1000,0.15,0.14974935177241458,-0.00025064822758543305,0.06213455094471019,0.06216513573271969,0.06265015489469546,0.951,0.001965834199689145,0.006826346021115546
mixed,250,0.1,delta_e_audit_proxy,1000,-0.35,-0.3488669466256539,0.0011330533743460465,0.04807848776938571,0.0480891853329607,0.04820718888150752,0.955,0.0015207135647411852,0.00655553201502365
mixed,250,0.1,delta_override,1000,-0.15925,-0.1596544,-0.0004043999999999972,0.01736136798757517,0.01736534232758324,0.017462010586864352,0.945,0.0005491403410369285,0.007209368904418752
mixed,250,0.25,delta_p_audit_override,1000,0.15,0.14953244349911465,-0.0004675565008853086,0.03868330169512231,0.03869983072123424,0.039760336345994074,0.947,0.0012237961014205695,0.007084560677981384
mixed,250,0.25,delta_e_audit_override,1000,-0.35,-0.3483054858682593,0.0016945141317406044,0.1077770268630522,0.10781762741814756,0.1129010003619196,0.963,0.0034094927455676576,0.005969170796685251
mixed,250,0.25,delta_p_audit_proxy,1000,0.15,0.14890916396750875,-0.0010908360324912239,0.03922646685484151,0.03923091693432243,0.039884474699513936,0.952,0.0012405905220932917,0.006759881655768837
mixed,250,0.25,delta_e_audit_proxy,1000,-0.35,-0.353184071639316,-0.0031840716393159814,0.048551067444602775,0.0484707876463869,0.048132940081281106,0.946,0.0015327808894493472,0.0071473071852271785
mixed,250,0.25,delta_override,1000,-0.15925,-0.15900564,0.0002443600000000029,0.017535986998170362,0.017543058087958252,0.017455083624491368,0.952,0.0005547602068258658,0.006759881655768837
mixed,1000,0.1,delta_p_audit_override,1000,0.15,0.1494563645020192,-0.000543635497980806,0.030882241452136822,0.030892906454761355,0.03127088942774837,0.95,0.0009769194793956336,0.006892024376045114
mixed,1000,0.1,delta_e_audit_override,1000,-0.35,-0.35220439445887164,-0.0022043944588716847,0.07527872234152144,0.0752840911269997,0.07647612861889254,0.951,0.0023806919953699166,0.006826346021115546
mixed,1000,0.1,delta_p_audit_proxy,1000,0.15,0.14925536344870874,-0.0007446365512912429,0.03141045373860039,0.03141733867852076,0.0314160973671566,0.949,0.0009935034824503017,0.006956938982052382
mixed,1000,0.1,delta_e_audit_proxy,1000,-0.35,-0.3506776470034297,-0.0006776470034297055,0.02343933579473763,0.023441261693582075,0.024022392622736668,0.959,0.0007412777817977539,0.006270486424512857
mixed,1000,0.1,delta_override,1000,-0.15925,-0.15959966,-0.00034965999999999703,0.009039373661930344,0.009037128070807017,0.0087464098468683,0.936,0.00028577908210393596,0.007739767438366605
mixed,1000,0.25,delta_p_audit_override,1000,0.15,0.15020728741279277,0.00020728741279275816,0.020439867425261105,0.020449043392452716,0.019855706348176,0.948,0.0006466555309176705,0.007021111023192843
mixed,1000,0.25,delta_e_audit_override,1000,-0.35,-0.3495694912775332,0.00043050872246675067,0.055659601956131614,0.05568578686715223,0.056276384563144516,0.951,0.001760939197988932,0.006826346021115546
mixed,1000,0.25,delta_p_audit_proxy,1000,0.15,0.1501989468668815,0.00019894686688151286,0.020433931496793064,0.020443187140469315,0.019874153213139158,0.949,0.0006464703399694761,0.006956938982052382
mixed,1000,0.25,delta_e_audit_proxy,1000,-0.35,-0.3491455983864597,0.0008544016135402346,0.02417254173853341,0.024169524983371965,0.024028078444012634,0.953,0.0007643074891179869,0.00669260786241059
mixed,1000,0.25,delta_override,1000,-0.15925,-0.15922909999999998,2.090000000000264e-05,0.008407516291985403,0.008411697215190287,0.008743606115484078,0.949,0.0002660012218769681,0.006956938982052382
mixed,4000,0.1,delta_p_audit_override,1000,0.15,0.15000117656382866,1.1765638286591328e-06,0.015277461721294525,0.015285106140653655,0.015693565141858438,0.951,0.00048335749681891567,0.006826346021115546
mixed,4000,0.1,delta_e_audit_override,1000,-0.35,-0.3509654648748625,-0.0009654648748625633,0.03704743262083571,0.03705338168730667,0.038284178689850665,0.962,0.0011717308114346202,0.006046155803483734
mixed,4000,0.1,delta_p_audit_proxy,1000,0.15,0.15002821930384191,2.821930384192403e-05,0.01523122731739861,0.015238822493097572,0.015713945770448042,0.952,0.0004818938793719386,0.006759881655768837
mixed,4000,0.1,delta_e_audit_proxy,1000,-0.35,-0.34979698305774387,0.00020301694225608745,0.012018279619321672,0.012022577573085587,0.01201499801594649,0.951,0.00038018728477009925,0.006826346021115546
mixed,4000,0.1,delta_override,1000,-0.15925,-0.1594802225,-0.0002302224999999956,0.00432099152900697,0.004317013087337122,0.0043742407833365395,0.952,0.00013651594044740705,0.006759881655768837
mixed,4000,0.25,delta_p_audit_override,1000,0.15,0.14990057954654443,-9.942045345554944e-05,0.00992537322873901,0.009929841441546686,0.009936065277540833,0.948,0.0003140091575961726,0.007021111023192843
mixed,4000,0.25,delta_e_audit_override,1000,-0.35,-0.3492655518165738,0.0007344481834261711,0.02767120762636108,0.02767530017193404,0.028158088752608598,0.951,0.0008751698347216112,0.006826346021115546
mixed,4000,0.25,delta_p_audit_proxy,1000,0.15,0.14990155885022588,-9.844114977411951e-05,0.009932752541614645,0.009937234576279628,0.009938899369916446,0.946,0.0003142429490442186,0.0071473071852271785
mixed,4000,0.25,delta_e_audit_proxy,1000,-0.35,-0.3499211440092835,7.885599071650912e-05,0.011734175056269676,0.011739781448236671,0.012015723310071827,0.953,0.0003712444860901801,0.00669260786241059
mixed,4000,0.25,delta_override,1000,-0.15925,-0.1590391075,0.0002108925000000039,0.004245888030642118,0.00424276921512431,0.004374775230718654,0.961,0.00013416814306237737,0.006122009474020767
stable_negative_control,250,0.1,delta_p_audit_override,1000,0.0,0.0033575805947344876,0.0033575805947344876,0.05812343588616639,0.05805541217359328,0.05723848820921656,0.938,0.001835873329684214,0.00762600813007697
stable_negative_control,250,0.1,delta_e_audit_override,1000,0.0,0.007705701681405863,0.007705701681405863,0.18408507940130298,0.18401576133636327,0.18685240082010487,0.952,0.005819089311928578,0.006759881655768837
stable_negative_control,250,0.1,delta_p_audit_proxy,1000,0.0,0.003650095741133529,0.003650095741133529,0.05931374122895677,0.05923094634277647,0.05859165731481934,0.958,0.0018730469841039402,0.006343185319695463
stable_negative_control,250,0.1,delta_e_audit_proxy,1000,0.0,0.0009789406851670457,0.0009789406851670457,0.047233440828422124,0.04724692455077351,0.04928727812835626,0.958,0.0014940789401857203,0.006343185319695463
stable_negative_control,250,0.1,delta_override,1000,0.0,-0.0005317600000000462,-0.0005317600000000462,0.015571518821232526,0.015570223555362419,0.016397577557838175,0.96,0.0004923737011295005,0.00619677335393187
stable_negative_control,250,0.25,delta_p_audit_override,1000,0.0,0.0009222410740505906,0.0009222410740505906,0.036369197967222926,0.03637569550405586,0.03709394661262027,0.949,0.001150300492655632,0.006956938982052382
stable_negative_control,250,0.25,delta_e_audit_override,1000,0.0,-0.0005004494270067449,-0.0005004494270067449,0.13930360152830287,0.13937240622427363,0.13819825341555494,0.955,0.004407342466469329,0.00655553201502365
stable_negative_control,250,0.25,delta_p_audit_proxy,1000,0.0,0.0009140032533498391,0.0009140032533498391,0.03657908809636237,0.03658596475195285,0.037263393115571586,0.955,0.0011569497901080827,0.00655553201502365
stable_negative_control,250,0.25,delta_e_audit_proxy,1000,0.0,0.002808202382937849,0.002808202382937849,0.04870233170985303,0.0486456319813391,0.04928246070928752,0.945,0.001538309952793611,0.007209368904418752
stable_negative_control,250,0.25,delta_override,1000,0.0,-0.0006406800000000468,-0.0006406800000000468,0.017349181744393555,0.01734602320010143,0.01640120191843958,0.933,0.0005485294165844317,0.007906389820898028
stable_negative_control,1000,0.1,delta_p_audit_override,1000,0.0,-7.197982943800357e-05,-7.197982943800357e-05,0.03062437331897009,0.03063961236585298,0.02911570348959473,0.933,0.000968909617007557,0.007906389820898028
stable_negative_control,1000,0.1,delta_e_audit_override,1000,0.0,0.0008121246061116525,0.0008121246061116525,0.09725613415666577,0.09730140619935507,0.09450148159671252,0.937,0.003076940631271896,0.007683163410991592
stable_negative_control,1000,0.1,delta_p_audit_proxy,1000,0.0,-1.4335018087689333e-05,-1.4335018087689333e-05,0.03055017753443903,0.03056546072419459,0.02932235402651257,0.936,0.0009665647362087456,0.007739767438366605
stable_negative_control,1000,0.1,delta_e_audit_proxy,1000,0.0,0.00024562126318934685,0.00024562126318934685,0.02480660971717744,0.024817805691373408,0.024560143892357087,0.947,0.0007848079251222979,0.007084560677981384
stable_negative_control,1000,0.1,delta_override,1000,0.0,0.00019570999999995217,0.00019570999999995217,0.007747832955091337,0.007749236333966015,0.008211479120334193,0.958,0.0002450523694226584,0.006343185319695463
stable_negative_control,1000,0.25,delta_p_audit_override,1000,0.0,0.0002809160586506134,0.0002809160586506134,0.01853618103672492,0.01854332625347393,0.01855716418118535,0.955,0.0005863914635657443,0.00655553201502365
stable_negative_control,1000,0.25,delta_e_audit_override,1000,0.0,0.0017823648718403946,0.0017823648718403946,0.06714354533935496,0.0671534693418463,0.06881886345565404,0.959,0.002123579159025227,0.006270486424512857
stable_negative_control,1000,0.25,delta_p_audit_proxy,1000,0.0,0.00026336480990489535,0.00026336480990489535,0.018550740847345207,0.018558152655699812,0.018578235696529968,0.957,0.00058686031557114,0.006414904519944161
stable_negative_control,1000,0.25,delta_e_audit_proxy,1000,0.0,-0.0012917798221423668,-0.0012917798221423668,0.024533418151385954,0.024511644820649495,0.0245694337527837,0.945,0.0007751262683032186,0.007209368904418752
stable_negative_control,1000,0.25,delta_override,1000,0.0,0.00019084999999995295,0.00019084999999995295,0.008039965242462144,0.008041721623145353,0.008212328629939362,0.954,0.0002543015663816555,0.006624499981130654
stable_negative_control,4000,0.1,delta_p_audit_override,1000,0.0,0.000539059184213156,0.000539059184213156,0.014681706994274025,0.014679148915196167,0.014656160647588354,0.939,0.0004641954468480974,0.007568289106528638
stable_negative_control,4000,0.1,delta_e_audit_override,1000,0.0,0.001919802090043698,0.001919802090043698,0.04709351309140489,0.047077910583311545,0.0471945551749854,0.948,0.0014887342492501063,0.007021111023192843
stable_negative_control,4000,0.1,delta_p_audit_proxy,1000,0.0,0.0005786846767064906,0.0005786846767064906,0.014767689108797189,0.014763730334587687,0.014680452228047158,0.942,0.0004668701461781687,0.007391616873188169
stable_negative_control,4000,0.1,delta_e_audit_proxy,1000,0.0,0.000495308536626388,0.000495308536626388,0.012643697217849647,0.012640313537112932,0.012285476792056074,0.938,0.00039972181115936176,0.00762600813007697
stable_negative_control,4000,0.1,delta_override,1000,0.0,8.183499999995452e-05,8.183499999995452e-05,0.004203544547462256,0.004204850837525692,0.004108639810347914,0.944,0.00013296905867847794,0.007270763371201131
stable_negative_control,4000,0.25,delta_p_audit_override,1000,0.0,2.6973399133323374e-05,2.6973399133323374e-05,0.009436413120741758,0.009441096298649155,0.009284519270696094,0.941,0.000298553679127166,0.007451107300260817
stable_negative_control,4000,0.25,delta_e_audit_override,1000,0.0,-1.1832112349349445e-05,-1.1832112349349445e-05,0.034436337674408284,0.03445356673390545,0.03445821283244421,0.958,0.0010895174439574963,0.006343185319695463
stable_negative_control,4000,0.25,delta_p_audit_proxy,1000,0.0,2.1189141621673332e-05,2.1189141621673332e-05,0.009453154829941818,0.009457861195721114,0.009287302582903636,0.939,0.00029908383172202275,0.007568289106528638
stable_negative_control,4000,0.25,delta_e_audit_proxy,1000,0.0,0.0001205909578475956,0.0001205909578475956,0.012115332141939945,0.01212079388385032,0.012285209372011734,0.958,0.00038329315722405397,0.006343185319695463
stable_negative_control,4000,0.25,delta_override,1000,0.0,-1.5337500000046397e-05,-1.5337500000046397e-05,0.004047532899032406,0.004049529110385463,0.004108283755166841,0.948,0.00012805735439973482,0.007021111023192843
detection_drift_misspecification,250,0.1,delta_p_audit_override,1000,0.0,0.0030666928183268644,0.0030666928183268644,0.0605297202849901,0.06048223320505482,0.0614274507181711,0.951,0.00191261614901439,0.006826346021115546
detection_drift_misspecification,250,0.1,delta_e_audit_override,1000,0.0,-0.5538164986220413,-0.5538164986220413,0.5632106880665174,0.10248936079153757,0.11092546502062413,0.0,0.003240998160360163,0.0
detection_drift_misspecification,250,0.1,delta_p_audit_proxy,1000,0.0,-0.0002499465661131621,-0.0002499465661131621,0.06785321699080582,0.06788670847745804,0.06628881938176111,0.943,0.0021467662164062888,0.007331507348424336
detection_drift_misspecification,250,0.1,delta_e_audit_proxy,1000,0.0,-0.0010932541379996253,-0.0010932541379996253,0.04058737088681745,0.040592945916156115,0.041314162448406404,0.956,0.0012836616603108372,0.006485676526007139
detection_drift_misspecification,250,0.1,delta_override,1000,-0.1620000000000001,-0.16213351999999998,-0.00013351999999991127,0.017617393768659426,0.017625702851535044,0.017517326770100945,0.95,0.0005573736637217537,0.006892024376045114
detection_drift_misspecification,250,0.25,delta_p_audit_override,1000,0.0,-0.000555490193023627,-0.000555490193023627,0.040306024138545296,0.040322362349047194,0.040782454447705216,0.946,0.0012751050566160653,0.0071473071852271785
detection_drift_misspecification,250,0.25,delta_e_audit_override,1000,0.0,-0.5619224252418809,-0.5619224252418809,0.5676580671063247,0.0805316988252903,0.08579022681370004,0.0,0.0025466359213062364,0.0
detection_drift_misspecification,250,0.25,delta_p_audit_proxy,1000,0.0,-0.001420310295732032,-0.001420310295732032,0.042343813208817374,0.04234116212076366,0.042157315877073255,0.949,0.001338945110800585,0.006956938982052382
detection_drift_misspecification,250,0.25,delta_e_audit_proxy,1000,0.0,-0.00027353938813075556,-0.00027353938813075556,0.04140033971857743,0.04142015130284668,0.04132449446437202,0.949,0.0013098201914578625,0.006956938982052382
detection_drift_misspecification,250,0.25,delta_override,1000,-0.1620000000000001,-0.16288,-0.0008799999999999118,0.01733164809243483,0.017317954184520097,0.01750388310970487,0.954,0.0005476417963752741,0.006624499981130654
detection_drift_misspecification,1000,0.1,delta_p_audit_override,1000,0.0,-0.0009582369024925915,-0.0009582369024925915,0.029450313491534996,0.02944944849747097,0.03076927163379672,0.955,0.000931273330878317,0.00655553201502365
detection_drift_misspecification,1000,0.1,delta_e_audit_override,1000,0.0,-0.560176324174088,-0.560176324174088,0.562721833359317,0.05349026811356343,0.055311661137555077,0.0,0.0016915107989193864,0.0
detection_drift_misspecification,1000,0.1,delta_p_audit_proxy,1000,0.0,-0.002141739568462612,-0.002141739568462612,0.032273533361600354,0.032218503056511104,0.03321036998905062,0.964,0.0010188385245967172,0.005891010100144119
detection_drift_misspecification,1000,0.1,delta_e_audit_proxy,1000,0.0,-0.0010810100263332707,-0.0010810100263332707,0.020550050710646934,0.020531866916873868,0.020593565192763057,0.954,0.0006492746407278045,0.006624499981130654
detection_drift_misspecification,1000,0.1,delta_override,1000,-0.1620000000000001,-0.16211114,-0.00011113999999991153,0.008936260683305964,0.008940040672593588,0.008771446844319542,0.945,0.000282708908999394,0.007209368904418752
detection_drift_misspecification,1000,0.25,delta_p_audit_override,1000,0.0,2.3635363112957162e-05,2.3635363112957162e-05,0.020644625186122926,0.020654941710452096,0.02035039576321365,0.951,0.0006531666074304272,0.006826346021115546
detection_drift_misspecification,1000,0.25,delta_e_audit_override,1000,0.0,-0.5606178866699388,-0.5606178866699388,0.5622301139508116,0.04256874765777432,0.04287118076942855,0.0,0.0013461419973952475,0.0
detection_drift_misspecification,1000,0.25,delta_p_audit_proxy,1000,0.0,0.0001895767010489985,0.0001895767010489985,0.02111139291189972,0.021121104905460236,0.021007074583969304,0.953,0.0006679079820060968,0.00669260786241059
detection_drift_misspecification,1000,0.25,delta_e_audit_proxy,1000,0.0,0.0004959353179852382,0.0004959353179852382,0.021421965686821927,0.021426940421431485,0.020597722820427006,0.942,0.0006775793502045163,0.007391616873188169
detection_drift_misspecification,1000,0.25,delta_override,1000,-0.1620000000000001,-0.16237826000000002,-0.00037825999999991055,0.008713427109926376,0.008709568758575844,0.008768279385159807,0.957,0.00027542074714944834,0.006414904519944161
detection_drift_misspecification,4000,0.1,delta_p_audit_override,1000,0.0,-0.0007461663765371836,-0.0007461663765371836,0.015666040779017447,0.015656090910919428,0.015404981976470087,0.956,0.0004950890653316572,0.006485676526007139
detection_drift_misspecification,4000,0.1,delta_e_audit_override,1000,0.0,-0.5595589778655305,-0.5595589778655305,0.5602681549991384,0.028194870933704833,0.027649699158717598,0.0,0.0008916001048498557,0.0
detection_drift_misspecification,4000,0.1,delta_p_audit_proxy,1000,0.0,-0.0008237805531443611,-0.0008237805531443611,0.01689420781391112,0.01688255501764471,0.0166116074930016,0.954,0.0005338732657886145,0.006624499981130654
detection_drift_misspecification,4000,0.1,delta_e_audit_proxy,1000,0.0,0.0003435880863970197,0.0003435880863970197,0.010875741136592405,0.010875751673862632,0.010300421858878903,0.937,0.0003439214655579466,0.007683163410991592
detection_drift_misspecification,4000,0.1,delta_override,1000,-0.1620000000000001,-0.16196759,3.2410000000088894e-05,0.004334011411210175,0.0043360587992219745,0.00438624415464033,0.954,0.0001371182187395618,0.006624499981130654
detection_drift_misspecification,4000,0.25,delta_p_audit_override,1000,0.0,-0.00015110342870641553,-0.00015110342870641553,0.010052422854225253,0.010056316547149849,0.010181917223942115,0.949,0.0003180086516063358,0.006956938982052382
detection_drift_misspecification,4000,0.25,delta_e_audit_override,1000,0.0,-0.5591197112325497,-0.5591197112325497,0.559514144836905,0.021015909503408998,0.021408522550706535,0.0,0.0006645814113075061,0.0
detection_drift_misspecification,4000,0.25,delta_p_audit_proxy,1000,0.0,-0.00012288171061310057,-0.00012288171061310057,0.01040230908689841,0.010406787960760337,0.010506312869010784,0.948,0.00032909153082421656,0.007021111023192843
detection_drift_misspecification,4000,0.25,delta_e_audit_proxy,1000,0.0,0.00033516980430788593,0.00033516980430788593,0.010465012547472369,0.010464877566580405,0.01029667528785339,0.949,0.00033092848545194446,0.006956938982052382
detection_drift_misspecification,4000,0.25,delta_override,1000,-0.1620000000000001,-0.16203860750000001,-3.860749999991017e-05,0.004256981974503768,0.004258936902060123,0.004385725541512326,0.961,0.00013467941021451453,0.006122009474020767
proxy_drift_misspecification,250,0.1,delta_p_audit_override,1000,0.0,0.0018054567997417776,0.0018054567997417776,0.05877105478406718,0.05877270997336864,0.06562372483128434,0.971,0.0018585562777633897,0.005306505441436956
proxy_drift_misspecification,250,0.1,delta_e_audit_override,1000,0.0,0.004627750669759666,0.004627750669759666,0.1305651661021888,0.13054841788563784,0.15717873022268583,0.98,0.004128303454500787,0.0044271887242357325
proxy_drift_misspecification,250,0.1,delta_p_audit_proxy,1000,0.0,0.0024195540177355955,0.0024195540177355955,0.06972787508916481,0.06972075233466389,0.0663075233765417,0.936,0.0022047637755804,0.007739767438366605
proxy_drift_misspecification,250,0.1,delta_e_audit_proxy,1000,0.0,-0.2826110680339034,-0.2826110680339034,0.2869855690081911,0.049941918654879514,0.04750247767733809,0.0,0.0015793021366827193,0.0
proxy_drift_misspecification,250,0.1,delta_override,1000,0.0,0.00047023999999995183,0.00047023999999995183,0.019954842780638447,0.019959283497664404,0.019633505018757796,0.947,0.0006311679631763154,0.007084560677981384
proxy_drift_misspecification,250,0.25,delta_p_audit_override,1000,0.0,-0.0013334995093785631,-0.0013334995093785631,0.0388678783182806,0.03886443346057376,0.04206554212145892,0.967,0.0012290012970747287,0.005648982209212561
proxy_drift_misspecification,250,0.25,delta_e_audit_override,1000,0.0,-0.0044462024593905705,-0.0044462024593905705,0.09849927333828146,0.09844810898144066,0.11410675701958536,0.983,0.0031132025571783176,0.004087909000944127
proxy_drift_misspecification,250,0.25,delta_p_audit_proxy,1000,0.0,-0.001281801321970708,-0.001281801321970708,0.04096574279751723,0.040966172577126946,0.04215585253415554,0.952,0.0012954641236325103,0.006759881655768837
proxy_drift_misspecification,250,0.25,delta_e_audit_proxy,1000,0.0,-0.2821366964795367,-0.2821366964795367,0.28586161894924494,0.046020295038739,0.047475495925317586,0.0,0.0014552895091536205,0.0
proxy_drift_misspecification,250,0.25,delta_override,1000,0.0,-0.0004920800000000467,-0.0004920800000000467,0.019670659328044866,0.0196743430754129,0.019635799487620318,0.949,0.0006221573558586666,0.006956938982052382
proxy_drift_misspecification,1000,0.1,delta_p_audit_override,1000,0.0,0.0001268272826299125,0.0001268272826299125,0.03137672256904392,0.03139216625397566,0.03307855905142571,0.973,0.000992707460492389,0.005125524363418832
proxy_drift_misspecification,1000,0.1,delta_e_audit_override,1000,0.0,0.0009633436383325206,0.0009633436383325206,0.07590040317718406,0.07593226508128116,0.07967190340549309,0.96,0.0024011890555251892,0.00619677335393187
proxy_drift_misspecification,1000,0.1,delta_p_audit_proxy,1000,0.0,0.000297136564236249,0.000297136564236249,0.032155847470968064,0.0321705638996269,0.03320565021771229,0.968,0.001017322555348095,0.005565608681896351
proxy_drift_misspecification,1000,0.1,delta_e_audit_proxy,1000,0.0,-0.28037193340233557,-0.28037193340233557,0.2814025576144596,0.024074009847670014,0.023683086739506243,0.0,0.0007612870353196046,0.0
proxy_drift_misspecification,1000,0.1,delta_override,1000,0.0,0.00018763999999994976,0.00018763999999994976,0.009993494754088741,0.009996732630899605,0.00983204387145501,0.943,0.00031612444273370087,0.007331507348424336
proxy_drift_misspecification,1000,0.25,delta_p_audit_override,1000,0.0,-0.0007446294104777646,-0.0007446294104777646,0.02130733202979749,0.021304971886772855,0.020994971332906183,0.937,0.0006737223664805717,0.007683163410991592
proxy_drift_misspecification,1000,0.25,delta_e_audit_override,1000,0.0,-0.0018419231219679053,-0.0018419231219679053,0.055152666659563594,0.05514948253880535,0.05685615339155325,0.962,0.0017439797660231027,0.006046155803483734
proxy_drift_misspecification,1000,0.25,delta_p_audit_proxy,1000,0.0,-0.0007796787613886717,-0.0007796787613886717,0.021325176939095362,0.021321582549031375,0.02101055912478654,0.941,0.0006742476417423789,0.007451107300260817
proxy_drift_misspecification,1000,0.25,delta_e_audit_proxy,1000,0.0,-0.2798335998540711,-0.2798335998540711,0.2808143485140995,0.02346071459352819,0.023684165209194818,0.0,0.0007418929365070047,0.0
proxy_drift_misspecification,1000,0.25,delta_override,1000,0.0,-9.409000000004818e-05,-9.409000000004818e-05,0.009703076960428545,0.009707475709810238,0.009833010186344698,0.955,0.00030697733573760097,0.00655553201502365
proxy_drift_misspecification,4000,0.1,delta_p_audit_override,1000,0.0,0.0003068184020032221,0.0003068184020032221,0.016794515487563718,0.016800114784935153,0.016591537182282987,0.941,0.0005312662767266494,0.007451107300260817
proxy_drift_misspecification,4000,0.1,delta_e_audit_override,1000,0.0,0.00022008304759776987,0.00022008304759776987,0.04016328337105936,0.0401827767849152,0.03987350396439535,0.947,0.001270690973504699,0.007084560677981384
proxy_drift_misspecification,4000,0.1,delta_p_audit_proxy,1000,0.0,0.0003216716451682097,0.0003216716451682097,0.016794026445002712,0.016799347298564995,0.016610131731936012,0.942,0.000531242006676621,0.007391616873188169
proxy_drift_misspecification,4000,0.1,delta_e_audit_proxy,1000,0.0,-0.28102669129966135,-0.28102669129966135,0.28125261049253986,0.011276384299766974,0.011848907988764434,0.0,0.00035659058158626553,0.0
proxy_drift_misspecification,4000,0.1,delta_override,1000,0.0,-0.00011374250000004535,-0.00011374250000004535,0.00506936080721718,0.0050706205567241595,0.004918056791147847,0.939,0.0001603471010971936,0.007568289106528638
proxy_drift_misspecification,4000,0.25,delta_p_audit_override,1000,0.0,-1.2253477796440981e-05,-1.2253477796440981e-05,0.010412092545396042,0.010417295285593136,0.010504789412490912,0.961,0.0003294238016100855,0.006122009474020767
proxy_drift_misspecification,4000,0.25,delta_e_audit_override,1000,0.0,-0.00045173958444428566,-0.00045173958444428566,0.02851508268685646,0.0285257706570337,0.0284317403931393,0.954,0.0009020640728782434,0.006624499981130654
proxy_drift_misspecification,4000,0.25,delta_p_audit_proxy,1000,0.0,-1.4042065058970959e-05,-1.4042065058970959e-05,0.010418465605637769,0.010423669280898332,0.010506787198597354,0.966,0.0003296253650396819,0.005730968504537434
proxy_drift_misspecification,4000,0.25,delta_e_audit_proxy,1000,0.0,-0.2813187200693401,-0.2813187200693401,0.28158388138646545,0.012223313978620356,0.011846943614665777,0.0,0.00038653512727815023,0.0
proxy_drift_misspecification,4000,0.25,delta_override,1000,0.0,-0.00011846250000004728,-0.00011846250000004728,0.004907062090115596,0.004908086623792415,0.004918141647869546,0.948,0.0001552073268459,0.007021111023192843
