scenario,period,model_accuracy,engagement,detection,proxy_sensitivity_actual,proxy_false_positive_actual,expected_override_rate,expected_proxy_rate
improvement_only,0,0.6,0.9,0.75,0.9,0.1,0.3010000000000001,0.8200000000000001
improvement_only,1,0.6121739130434782,0.9,0.75,0.9,0.1,0.29333043478260873,0.8200000000000001
improvement_only,2,0.6243478260869565,0.9,0.75,0.9,0.1,0.28566086956521736,0.8200000000000001
improvement_only,3,0.6365217391304347,0.9,0.75,0.9,0.1,0.2779913043478261,0.8200000000000001
improvement_only,4,0.648695652173913,0.9,0.75,0.9,0.1,0.27032173913043483,0.8200000000000001
improvement_only,5,0.6608695652173913,0.9,0.75,0.9,0.1,0.2626521739130435,0.8200000000000001
improvement_only,6,0.6730434782608695,0.9,0.75,0.9,0.1,0.2549826086956522,0.8200000000000001
improvement_only,7,0.6852173913043478,0.9,0.75,0.9,0.1,0.2473130434782609,0.8200000000000001
improvement_only,8,0.697391304347826,0.9,0.75,0.9,0.1,0.2396434782608696,0.8200000000000001
improvement_only,9,0.7095652173913043,0.9,0.75,0.9,0.1,0.23197391304347834,0.8200000000000001
improvement_only,10,0.7217391304347827,0.9,0.75,0.9,0.1,0.22430434782608694,0.8200000000000001
improvement_only,11,0.7339130434782608,0.9,0.75,0.9,0.1,0.2166347826086957,0.8200000000000001
improvement_only,12,0.7460869565217392,0.9,0.75,0.9,0.1,0.20896521739130433,0.8200000000000001
improvement_only,13,0.7582608695652173,0.9,0.75,0.9,0.1,0.2012956521739131,0.8200000000000001
improvement_only,14,0.7704347826086957,0.9,0.75,0.9,0.1,0.19362608695652173,0.8200000000000001
improvement_only,15,0.782608695652174,0.9,0.75,0.9,0.1,0.1859565217391304,0.8200000000000001
improvement_only,16,0.7947826086956522,0.9,0.75,0.9,0.1,0.17828695652173912,0.8200000000000001
improvement_only,17,0.8069565217391305,0.9,0.75,0.9,0.1,0.17061739130434783,0.8200000000000001
improvement_only,18,0.8191304347826087,0.9,0.75,0.9,0.1,0.16294782608695652,0.8200000000000001
improvement_only,19,0.831304347826087,0.9,0.75,0.9,0.1,0.1552782608695652,0.8200000000000001
improvement_only,20,0.8434782608695652,0.9,0.75,0.9,0.1,0.1476086956521739,0.8200000000000001
improvement_only,21,0.8556521739130435,0.9,0.75,0.9,0.1,0.13993913043478262,0.8200000000000001
improvement_only,22,0.8678260869565217,0.9,0.75,0.9,0.1,0.1322695652173913,0.8200000000000001
improvement_only,23,0.88,0.9,0.75,0.9,0.1,0.12460000000000002,0.8200000000000001
exact_equivalent_disengagement,0,0.6,0.9000000000000001,0.75,0.9,0.1,0.3010000000000001,0.8200000000000002
exact_equivalent_disengagement,1,0.6,0.8735532233883058,0.75,0.9,0.1,0.29333043478260873,0.7988425787106447
exact_equivalent_disengagement,2,0.6,0.8471064467766113,0.75,0.9,0.1,0.28566086956521736,0.7776851574212891
exact_equivalent_disengagement,3,0.6,0.8206596701649173,0.75,0.9,0.1,0.2779913043478261,0.7565277361319338
exact_equivalent_disengagement,4,0.6,0.7942128935532233,0.75,0.9,0.1,0.27032173913043483,0.7353703148425786
exact_equivalent_disengagement,5,0.6,0.7677661169415291,0.75,0.9,0.1,0.26265217391304346,0.7142128935532233
exact_equivalent_disengagement,6,0.6,0.7413193403298349,0.75,0.9,0.1,0.2549826086956522,0.693055472263868
exact_equivalent_disengagement,7,0.6,0.7148725637181408,0.75,0.9,0.1,0.24731304347826089,0.6718980509745126
exact_equivalent_disengagement,8,0.6,0.6884257871064466,0.75,0.9,0.1,0.23964347826086957,0.6507406296851573
exact_equivalent_disengagement,9,0.6,0.6619790104947526,0.75,0.9,0.1,0.23197391304347828,0.6295832083958021
exact_equivalent_disengagement,10,0.6,0.6355322338830581,0.75,0.9,0.1,0.2243043478260869,0.6084257871064465
exact_equivalent_disengagement,11,0.6,0.6090854572713643,0.75,0.9,0.1,0.21663478260869568,0.5872683658170915
exact_equivalent_disengagement,12,0.6,0.58263868065967,0.75,0.9,0.1,0.20896521739130433,0.566110944527736
exact_equivalent_disengagement,13,0.6,0.556191904047976,0.75,0.9,0.1,0.20129565217391307,0.5449535232383809
exact_equivalent_disengagement,14,0.6,0.5297451274362817,0.75,0.9,0.1,0.19362608695652173,0.5237961019490254
exact_equivalent_disengagement,15,0.6,0.5032983508245874,0.75,0.9,0.1,0.18595652173913038,0.50263868065967
exact_equivalent_disengagement,16,0.6,0.47685157421289337,0.75,0.9,0.1,0.17828695652173912,0.4814812593703147
exact_equivalent_disengagement,17,0.6,0.4504047976011992,0.75,0.9,0.1,0.17061739130434783,0.46032383808095945
exact_equivalent_disengagement,18,0.6,0.4239580209895051,0.75,0.9,0.1,0.16294782608695652,0.43916641679160406
exact_equivalent_disengagement,19,0.6,0.3975112443778109,0.75,0.9,0.1,0.1552782608695652,0.4180089955022487
exact_equivalent_disengagement,20,0.6,0.3710644677661168,0.75,0.9,0.1,0.14760869565217388,0.3968515742128934
exact_equivalent_disengagement,21,0.6,0.3446176911544227,0.75,0.9,0.1,0.1399391304347826,0.37569415292353814
exact_equivalent_disengagement,22,0.6,0.3181709145427285,0.75,0.9,0.1,0.13226956521739128,0.35453673163418287
exact_equivalent_disengagement,23,0.6,0.2917241379310344,0.75,0.9,0.1,0.12459999999999999,0.33337931034482754
mixed,0,0.6,0.9,0.75,0.9,0.1,0.3010000000000001,0.8200000000000001
mixed,1,0.6065217391304347,0.8847826086956522,0.75,0.9,0.1,0.29254773156899816,0.8078260869565218
mixed,2,0.6130434782608696,0.8695652173913043,0.75,0.9,0.1,0.284234404536862,0.7956521739130434
mixed,3,0.6195652173913043,0.8543478260869566,0.75,0.9,0.1,0.2760600189035917,0.7834782608695653
mixed,4,0.6260869565217391,0.8391304347826087,0.75,0.9,0.1,0.2680245746691872,0.771304347826087
mixed,5,0.6326086956521739,0.8239130434782609,0.75,0.9,0.1,0.26012807183364833,0.7591304347826088
mixed,6,0.6391304347826087,0.808695652173913,0.75,0.9,0.1,0.25237051039697544,0.7469565217391304
mixed,7,0.6456521739130434,0.7934782608695652,0.75,0.9,0.1,0.2447518903591683,0.7347826086956522
mixed,8,0.6521739130434783,0.7782608695652175,0.75,0.9,0.1,0.23727221172022683,0.722608695652174
mixed,9,0.658695652173913,0.7630434782608696,0.75,0.9,0.1,0.22993147448015122,0.7104347826086957
mixed,10,0.6652173913043478,0.7478260869565218,0.75,0.9,0.1,0.22272967863894144,0.6982608695652174
mixed,11,0.6717391304347826,0.732608695652174,0.75,0.9,0.1,0.2156668241965974,0.6860869565217392
mixed,12,0.6782608695652174,0.7173913043478262,0.75,0.9,0.1,0.20874291115311913,0.673913043478261
mixed,13,0.6847826086956522,0.7021739130434783,0.75,0.9,0.1,0.20195793950850663,0.6617391304347826
mixed,14,0.691304347826087,0.6869565217391305,0.75,0.9,0.1,0.19531190926275993,0.6495652173913044
mixed,15,0.6978260869565217,0.6717391304347826,0.75,0.9,0.1,0.18880482041587904,0.6373913043478261
mixed,16,0.7043478260869566,0.6565217391304348,0.75,0.9,0.1,0.1824366729678639,0.6252173913043478
mixed,17,0.7108695652173913,0.6413043478260869,0.75,0.9,0.1,0.17620746691871456,0.6130434782608696
mixed,18,0.717391304347826,0.6260869565217392,0.75,0.9,0.1,0.17011720226843102,0.6008695652173913
mixed,19,0.7239130434782609,0.6108695652173913,0.75,0.9,0.1,0.1641658790170132,0.5886956521739131
mixed,20,0.7304347826086957,0.5956521739130436,0.75,0.9,0.1,0.15835349716446126,0.5765217391304349
mixed,21,0.7369565217391305,0.5804347826086957,0.75,0.9,0.1,0.15268005671077503,0.5643478260869567
mixed,22,0.7434782608695653,0.5652173913043479,0.75,0.9,0.1,0.1471455576559546,0.5521739130434783
mixed,23,0.75,0.55,0.75,0.9,0.1,0.14175000000000001,0.54
stable_negative_control,0,0.75,0.75,0.75,0.9,0.1,0.17875000000000002,0.7000000000000001
stable_negative_control,1,0.75,0.75,0.75,0.9,0.1,0.17875000000000002,0.7000000000000001
stable_negative_control,2,0.75,0.75,0.75,0.9,0.1,0.17875000000000002,0.7000000000000001
stable_negative_control,3,0.75,0.75,0.75,0.9,0.1,0.17875000000000002,0.7000000000000001
stable_negative_control,4,0.75,0.75,0.75,0.9,0.1,0.17875000000000002,0.7000000000000001
stable_negative_control,5,0.75,0.75,0.75,0.9,0.1,0.17875000000000002,0.7000000000000001
stable_negative_control,6,0.75,0.75,0.75,0.9,0.1,0.17875000000000002,0.7000000000000001
stable_negative_control,7,0.75,0.75,0.75,0.9,0.1,0.17875000000000002,0.7000000000000001
stable_negative_control,8,0.75,0.75,0.75,0.9,0.1,0.17875000000000002,0.7000000000000001
stable_negative_control,9,0.75,0.75,0.75,0.9,0.1,0.17875000000000002,0.7000000000000001
stable_negative_control,10,0.75,0.75,0.75,0.9,0.1,0.17875000000000002,0.7000000000000001
stable_negative_control,11,0.75,0.75,0.75,0.9,0.1,0.17875000000000002,0.7000000000000001
stable_negative_control,12,0.75,0.75,0.75,0.9,0.1,0.17875000000000002,0.7000000000000001
stable_negative_control,13,0.75,0.75,0.75,0.9,0.1,0.17875000000000002,0.7000000000000001
stable_negative_control,14,0.75,0.75,0.75,0.9,0.1,0.17875000000000002,0.7000000000000001
stable_negative_control,15,0.75,0.75,0.75,0.9,0.1,0.17875000000000002,0.7000000000000001
stable_negative_control,16,0.75,0.75,0.75,0.9,0.1,0.17875000000000002,0.7000000000000001
stable_negative_control,17,0.75,0.75,0.75,0.9,0.1,0.17875000000000002,0.7000000000000001
stable_negative_control,18,0.75,0.75,0.75,0.9,0.1,0.17875000000000002,0.7000000000000001
stable_negative_control,19,0.75,0.75,0.75,0.9,0.1,0.17875000000000002,0.7000000000000001
stable_negative_control,20,0.75,0.75,0.75,0.9,0.1,0.17875000000000002,0.7000000000000001
stable_negative_control,21,0.75,0.75,0.75,0.9,0.1,0.17875000000000002,0.7000000000000001
stable_negative_control,22,0.75,0.75,0.75,0.9,0.1,0.17875000000000002,0.7000000000000001
stable_negative_control,23,0.75,0.75,0.75,0.9,0.1,0.17875000000000002,0.7000000000000001
detection_drift_misspecification,0,0.6,0.9,0.75,0.9,0.1,0.3010000000000001,0.8200000000000001
detection_drift_misspecification,1,0.6,0.9,0.7304347826086957,0.9,0.1,0.2939565217391305,0.8200000000000001
detection_drift_misspecification,2,0.6,0.9,0.7108695652173913,0.9,0.1,0.2869130434782609,0.8200000000000001
detection_drift_misspecification,3,0.6,0.9,0.691304347826087,0.9,0.1,0.2798695652173913,0.8200000000000001
detection_drift_misspecification,4,0.6,0.9,0.6717391304347826,0.9,0.1,0.2728260869565217,0.8200000000000001
detection_drift_misspecification,5,0.6,0.9,0.6521739130434783,0.9,0.1,0.2657826086956522,0.8200000000000001
detection_drift_misspecification,6,0.6,0.9,0.6326086956521739,0.9,0.1,0.2587391304347827,0.8200000000000001
detection_drift_misspecification,7,0.6,0.9,0.6130434782608696,0.9,0.1,0.25169565217391304,0.8200000000000001
detection_drift_misspecification,8,0.6,0.9,0.5934782608695652,0.9,0.1,0.2446521739130435,0.8200000000000001
detection_drift_misspecification,9,0.6,0.9,0.5739130434782609,0.9,0.1,0.2376086956521739,0.8200000000000001
detection_drift_misspecification,10,0.6,0.9,0.5543478260869565,0.9,0.1,0.23056521739130437,0.8200000000000001
detection_drift_misspecification,11,0.6,0.9,0.5347826086956522,0.9,0.1,0.22352173913043483,0.8200000000000001
detection_drift_misspecification,12,0.6,0.9,0.5152173913043478,0.9,0.1,0.21647826086956523,0.8200000000000001
detection_drift_misspecification,13,0.6,0.9,0.49565217391304345,0.9,0.1,0.20943478260869564,0.8200000000000001
detection_drift_misspecification,14,0.6,0.9,0.4760869565217391,0.9,0.1,0.2023913043478261,0.8200000000000001
detection_drift_misspecification,15,0.6,0.9,0.45652173913043476,0.9,0.1,0.19534782608695653,0.8200000000000001
detection_drift_misspecification,16,0.6,0.9,0.4369565217391304,0.9,0.1,0.18830434782608696,0.8200000000000001
detection_drift_misspecification,17,0.6,0.9,0.41739130434782606,0.9,0.1,0.18126086956521742,0.8200000000000001
detection_drift_misspecification,18,0.6,0.9,0.3978260869565217,0.9,0.1,0.17421739130434782,0.8200000000000001
detection_drift_misspecification,19,0.6,0.9,0.3782608695652174,0.9,0.1,0.16717391304347826,0.8200000000000001
detection_drift_misspecification,20,0.6,0.9,0.358695652173913,0.9,0.1,0.16013043478260872,0.8200000000000001
detection_drift_misspecification,21,0.6,0.9,0.3391304347826087,0.9,0.1,0.15308695652173915,0.8200000000000001
detection_drift_misspecification,22,0.6,0.9,0.31956521739130433,0.9,0.1,0.14604347826086955,0.8200000000000001
detection_drift_misspecification,23,0.6,0.9,0.3,0.9,0.1,0.139,0.8200000000000001
proxy_drift_misspecification,0,0.6,0.9,0.75,0.9,0.1,0.3010000000000001,0.8200000000000001
proxy_drift_misspecification,1,0.6,0.9,0.75,0.8891304347826087,0.1,0.3010000000000001,0.8102173913043478
proxy_drift_misspecification,2,0.6,0.9,0.75,0.8782608695652174,0.1,0.3010000000000001,0.8004347826086957
proxy_drift_misspecification,3,0.6,0.9,0.75,0.8673913043478261,0.1,0.3010000000000001,0.7906521739130434
proxy_drift_misspecification,4,0.6,0.9,0.75,0.8565217391304348,0.1,0.3010000000000001,0.7808695652173914
proxy_drift_misspecification,5,0.6,0.9,0.75,0.8456521739130435,0.1,0.3010000000000001,0.7710869565217392
proxy_drift_misspecification,6,0.6,0.9,0.75,0.8347826086956522,0.1,0.3010000000000001,0.761304347826087
proxy_drift_misspecification,7,0.6,0.9,0.75,0.8239130434782609,0.1,0.3010000000000001,0.7515217391304349
proxy_drift_misspecification,8,0.6,0.9,0.75,0.8130434782608695,0.1,0.3010000000000001,0.7417391304347826
proxy_drift_misspecification,9,0.6,0.9,0.75,0.8021739130434783,0.1,0.3010000000000001,0.7319565217391305
proxy_drift_misspecification,10,0.6,0.9,0.75,0.7913043478260869,0.1,0.3010000000000001,0.7221739130434782
proxy_drift_misspecification,11,0.6,0.9,0.75,0.7804347826086957,0.1,0.3010000000000001,0.7123913043478262
proxy_drift_misspecification,12,0.6,0.9,0.75,0.7695652173913043,0.1,0.3010000000000001,0.7026086956521739
proxy_drift_misspecification,13,0.6,0.9,0.75,0.7586956521739131,0.1,0.3010000000000001,0.6928260869565218
proxy_drift_misspecification,14,0.6,0.9,0.75,0.7478260869565218,0.1,0.3010000000000001,0.6830434782608696
proxy_drift_misspecification,15,0.6,0.9,0.75,0.7369565217391305,0.1,0.3010000000000001,0.6732608695652175
proxy_drift_misspecification,16,0.6,0.9,0.75,0.7260869565217392,0.1,0.3010000000000001,0.6634782608695653
proxy_drift_misspecification,17,0.6,0.9,0.75,0.7152173913043478,0.1,0.3010000000000001,0.653695652173913
proxy_drift_misspecification,18,0.6,0.9,0.75,0.7043478260869566,0.1,0.3010000000000001,0.643913043478261
proxy_drift_misspecification,19,0.6,0.9,0.75,0.6934782608695652,0.1,0.3010000000000001,0.6341304347826087
proxy_drift_misspecification,20,0.6,0.9,0.75,0.682608695652174,0.1,0.3010000000000001,0.6243478260869566
proxy_drift_misspecification,21,0.6,0.9,0.75,0.6717391304347826,0.1,0.3010000000000001,0.6145652173913043
proxy_drift_misspecification,22,0.6,0.9,0.75,0.6608695652173913,0.1,0.3010000000000001,0.6047826086956521
proxy_drift_misspecification,23,0.6,0.9,0.75,0.65,0.1,0.3010000000000001,0.5950000000000001
